"","Asin","star_1_count","star_2_count","star_3_count","star_4_count","star_5_count","max(star)","min(star)","mean","ReviewSum","count(HelpfulVote)","sum(HelpfulVote)"
"1","375402330",1,2,1,14,47,5,1,4.6,65,11,115
"2","547152469",2,3,10,38,283,5,1,4.77678571428571,336,39,493
"3","B00002N64X",6,3,16,38,300,5,1,4.71625344352617,363,74,201
"4","B00002N66D",13,10,13,55,210,5,1,4.45847176079734,301,212,864
"5","B00002N66H",127,82,109,264,1375,5,1,4.36842105263158,1957,518,1718
"6","B00002N66U",9,2,6,8,53,5,1,4.20512820512821,78,18,49
"7","B00002N674",180,114,138,284,1130,5,1,4.12134344528711,1846,722,5580
"8","B00002N678",22,13,24,56,149,5,1,4.125,264,135,351
"9","B00002N67I",47,25,40,111,424,5,1,4.29829984544049,647,254,1320
"10","B00002N67Q",180,114,138,284,1130,5,1,4.12134344528711,1846,722,5580
"11","B00002N67R",90,57,69,142,565,5,1,4.12134344528711,923,361,2790
"12","B00002N67S",16,9,7,21,106,5,1,4.20754716981132,159,75,367
"13","B00002N67T",11,6,7,25,81,5,1,4.22307692307692,130,45,226
"14","B00002N68C",47,21,43,132,574,5,1,4.42594859241126,817,165,743
"15","B00002N68F",10,4,5,8,59,5,1,4.18604651162791,86,27,123
"16","B00002N691",86,68,133,352,865,5,1,4.22473404255319,1504,648,4320
"17","B00002N6AN",116,64,74,218,799,5,1,4.19590873328088,1271,323,2370
"18","B00002N6BA",3,3,1,5,13,5,1,3.88,25,10,37
"19","B00002N6BW",19,10,12,25,75,5,1,3.90070921985816,141,56,301
"20","B00002N7FP",76,22,28,95,313,5,1,4.02434456928839,534,76,509
"21","B00002N8CC",8,10,7,14,14,5,1,3.30188679245283,53,20,58
"22","B00002N8FN",165,48,96,75,141,5,1,2.96,525,294,1230
"23","B00002N8GL",2,4,3,4,19,5,1,4.0625,32,21,94
"24","B00002N8IN",2,3,6,10,29,5,1,4.22,50,42,182
"25","B00002N8J2",22,13,15,31,91,5,1,3.90697674418605,172,35,264
"26","B00002N8K3",90,57,69,142,565,5,1,4.12134344528711,923,361,2790
"27","B00002N8NR",26,11,23,35,228,5,1,4.32507739938081,323,75,411
"28","B00002N8O8",15,3,7,10,81,5,1,4.19827586206897,116,58,174
"29","B00002N8OB",14,7,8,15,160,5,1,4.47058823529412,204,43,161
"30","B00002N8OW",12,9,4,40,141,5,1,4.40291262135922,206,59,162
"31","B00002NAMH",23,12,24,98,317,5,1,4.42194092827004,474,83,397
"32","B00002NC7N",3,5,18,22,36,5,1,3.98809523809524,84,14,47
"33","B00002NC7W",14,4,6,14,96,5,1,4.29850746268657,134,30,90
"34","B00002NC84",31,24,30,62,241,5,1,4.18041237113402,388,105,675
"35","B00002NCB3",1,2,1,2,44,5,1,4.72,50,28,44
"36","B00002NCEM",3,1,1,4,34,5,1,4.51162790697674,43,11,59
"37","B00002NCJD",1,1,3,2,17,5,1,4.375,24,11,27
"38","B00003008E",66,35,39,60,268,5,1,3.91666666666667,468,156,945
"39","B00004DTNH",101,53,88,300,904,5,1,4.28146611341632,1446,484,4424
"40","B00004R9R1",18,4,9,28,70,5,1,3.9922480620155,129,60,361
"41","B00004R9R7",2,1,7,40,135,5,1,4.64864864864865,185,36,213
"42","B00004R9TI",66,12,33,40,87,5,1,3.29411764705882,238,69,381
"43","B00004R9TN",10,9,9,28,96,5,1,4.25657894736842,152,24,75
"44","B00004R9UA",60,18,26,31,85,5,1,3.28636363636364,220,47,247
"45","B00004R9UE",80,28,24,47,124,5,1,3.35313531353135,303,59,265
"46","B00004R9UF",31,16,13,34,103,5,1,3.82233502538071,197,48,157
"47","B00004R9UK",96,52,112,271,666,5,1,4.13533834586466,1197,533,4611
"48","B00004R9UN",106,43,46,51,48,5,1,2.63265306122449,294,117,625
"49","B00004R9VV",1360,790,1160,2480,9254,5,1,4.16179207657538,15044,4222,35214
"50","B00004R9VW",1360,790,1160,2480,9254,5,1,4.16179207657538,15044,4222,35214
"51","B00004R9VZ",1360,790,1160,2480,9254,5,1,4.16179207657538,15044,4222,35214
"52","B00004R9W0",10,4,10,48,148,5,1,4.45454545454545,220,46,186
"53","B00004R9W4",22,6,20,66,378,5,1,4.56910569105691,492,46,188
"54","B00004R9W5",50,20,34,42,114,5,1,3.57692307692308,260,116,364
"55","B00004R9W8",30,15,18,15,28,5,1,2.9622641509434,106,35,121
"56","B00004R9WN",53,40,44,53,148,5,1,3.60059171597633,338,50,278
"57","B00004R9X4",4,1,3,2,17,5,1,4,27,17,67
"58","B00004R9XP",19,6,10,7,13,5,1,2.8,55,21,96
"59","B00004R9XT",3,3,10,13,28,5,1,4.05263157894737,57,11,32
"60","B00004R9YQ",36,22,25,65,390,5,1,4.39591078066915,538,142,806
"61","B00004RA09",10,4,6,13,68,5,1,4.23762376237624,101,25,148
"62","B00004RA0N",110,59,90,160,426,5,1,3.86745562130178,845,150,1177
"63","B00004RA0P",17,23,23,82,280,5,1,4.37647058823529,425,85,428
"64","B00004RA2R",11,3,5,7,34,5,1,3.83333333333333,60,23,98
"65","B00004RA2S",4,2,5,14,68,5,1,4.50537634408602,93,15,35
"66","B00004RA3E",159,137,159,360,599,5,1,3.78005657708628,1414,756,7538
"67","B00004RA3F",96,52,112,271,666,5,1,4.13533834586466,1197,533,4611
"68","B00004RA45",7,6,12,8,39,5,1,3.91666666666667,72,20,104
"69","B00004RA6L",6,4,5,11,6,5,1,3.21875,32,10,135
"70","B00004RA72",3,1,2,11,80,5,1,4.69072164948454,97,44,71
"71","B00004RA74",2,1,2,3,22,5,1,4.4,30,4,7
"72","B00004RA7A",4,2,20,44,150,5,1,4.51818181818182,220,78,334
"73","B00004RA7E",12,3,5,16,44,5,1,3.9625,80,28,157
"74","B00004RA7Q",8,8,16,49,157,5,1,4.42436974789916,238,54,287
"75","B00004RA7T",12,1,4,2,25,5,1,3.61363636363636,44,8,27
"76","B00004RA7X",12,10,8,42,338,5,1,4.66829268292683,410,48,186
"77","B00004RA81",18,5,13,63,395,5,1,4.64372469635628,494,61,226
"78","B00004RA82",52,18,40,134,744,5,1,4.51821862348178,988,158,866
"79","B00004RA87",6,8,8,24,178,5,1,4.60714285714286,224,18,62
"80","B00004RA88",22,10,32,88,730,5,1,4.69387755102041,882,68,220
"81","B00004RA89",1,3,1,12,73,5,1,4.7,90,16,63
"82","B00004RA8A",11,3,7,14,99,5,1,4.3955223880597,134,23,89
"83","B00004RA8D",6,6,5,24,117,5,1,4.51898734177215,158,59,95
"84","B00004RA8F",12,4,6,22,140,5,1,4.48913043478261,184,24,114
"85","B00004RA8I",12,4,8,58,367,5,1,4.70155902004454,449,29,118
"86","B00004RA8V",172,85,77,99,452,5,1,3.64858757062147,885,68,297
"87","B00004RA9A",46,26,29,36,192,5,1,3.91793313069909,329,32,125
"88","B00004RA9D",16,5,6,10,27,5,1,3.421875,64,11,71
"89","B00004RACK",174,52,130,396,1528,5,1,4.33859649122807,2280,210,1052
"90","B00004RADH",1,1,4,18,109,5,1,4.75187969924812,133,27,117
"91","B00004RAGL",277,76,116,257,795,5,1,3.80013149243918,1521,332,1291
"92","B00004RAL9",4,8,17,15,35,5,1,3.87341772151899,79,51,247
"93","B00004RALJ",14,8,31,122,570,5,1,4.64563758389262,745,303,2395
"94","B00004RALP",18,10,20,48,210,5,1,4.37908496732026,306,202,1454
"95","B00004RALU",15,16,34,79,688,5,1,4.69350961538461,832,223,2251
"96","B00004RALW",7,6,19,47,258,5,1,4.61127596439169,337,174,933
"97","B00004RALY",4,2,5,7,18,5,1,3.91666666666667,36,23,155
"98","B00004RAM9",2,2,2,3,21,5,1,4.3,30,18,202
"99","B00004RAMT",242,114,224,572,2598,5,1,4.37866666666667,3750,834,4722
"100","B00004RAMY",380,218,244,290,1308,5,1,3.79016393442623,2440,276,3958
"101","B00004RANC",43,40,76,122,134,5,1,3.63614457831325,415,194,1132
"102","B00004RANH",2,5,7,13,39,5,1,4.24242424242424,66,20,60
"103","B00004RANO",8,4,16,20,38,5,1,3.88372093023256,86,38,210
"104","B00004RB0E",8,5,5,14,37,5,1,3.97101449275362,69,33,117
"105","B00004RB1K",3,5,8,34,141,5,1,4.59685863874346,191,17,42
"106","B00004RB2Q",11,7,7,7,22,5,1,3.40740740740741,54,35,216
"107","B00004RB7R",20,4,6,23,88,5,1,4.09929078014184,141,31,166
"108","B00004RB8R",12,3,5,9,48,5,1,4.01298701298701,77,11,26
"109","B00004RBDU",324,148,212,314,1660,5,1,4.06772009029345,2658,378,1916
"110","B00004RBDW",592,296,300,472,2750,5,1,4.01859410430839,4410,638,5451
"111","B00004S1UQ",12,6,8,9,42,5,1,3.81818181818182,77,16,60
"112","B00004S24U",10,10,13,17,79,5,1,4.12403100775194,129,40,120
"113","B00004S26M",6,1,3,9,64,5,1,4.49397590361446,83,15,35
"114","B00004S296",10,2,5,4,15,5,1,3.33333333333333,36,20,48
"115","B00004SD6Y",55,51,90,200,579,5,1,4.22769230769231,975,288,1433
"116","B00004SD76",62,47,65,209,1460,5,1,4.60499186109604,1843,195,1260
"117","B00004SD7C",7,11,17,49,241,5,1,4.55692307692308,325,45,202
"118","B00004SD7D",50,46,74,133,676,5,1,4.36772216547497,979,114,764
"119","B00004SDUU",17,4,11,41,124,5,1,4.2741116751269,197,50,139
"120","B00004SDVW",77,32,20,66,288,5,1,3.94409937888199,483,158,761
"121","B00004SDVX",77,32,20,66,288,5,1,3.94409937888199,483,158,761
"122","B00004SDWD",28,10,4,14,37,5,1,3.23655913978495,93,37,201
"123","B00004SDY5",17,16,15,44,191,5,1,4.32862190812721,283,52,331
"124","B00004SDYT",104,64,55,91,255,5,1,3.57820738137083,569,112,624
"125","B00004SE08",104,64,55,91,255,5,1,3.57820738137083,569,112,624
"126","B00004SQ1M",34,11,28,102,356,5,1,4.38418079096045,531,190,1219
"127","B00004SQ1N",29,28,46,148,548,5,1,4.44931163954944,799,271,1667
"128","B00004SQ23",62,30,34,52,42,5,1,2.91818181818182,220,72,576
"129","B00004SZ9D",26,25,55,141,630,5,1,4.5096921322691,877,440,3297
"130","B00004TBJ6",31,16,17,16,101,5,1,3.77348066298343,181,131,1071
"131","B00004TBJP",42,21,19,32,87,5,1,3.50248756218905,201,65,189
"132","B00004TBJZ",7,6,16,32,129,5,1,4.42105263157895,190,43,128
"133","B00004TBKG",192,76,70,80,272,5,1,3.23768115942029,690,278,1024
"134","B00004TBKH",192,76,70,80,272,5,1,3.23768115942029,690,278,1024
"135","B00004TBKI",1124,340,280,436,1960,5,1,3.42705314009662,4140,1056,5568
"136","B00004TBKK",1686,510,420,654,2940,5,1,3.42705314009662,6210,1584,8352
"137","B00004TBKL",660,172,112,144,768,5,1,3.10129310344828,1856,628,2008
"138","B00004TBKM",500,192,296,508,2884,5,1,4.16073059360731,4380,1184,5424
"139","B00004TBMV",26,18,19,70,302,5,1,4.38850574712644,435,204,1309
"140","B00004U9VF",35,12,19,75,524,5,1,4.56541353383459,665,46,173
"141","B00004VWLX",2,1,2,3,13,5,1,4.14285714285714,21,17,170
"142","B00004W499",91,48,105,348,1588,5,1,4.51100917431193,2180,788,7166
"143","B00004WYOH",2,2,8,19,174,5,1,4.7609756097561,205,48,461
"144","B00004XSC5",445,183,156,278,1007,5,1,3.58917351377477,2069,652,3621
"145","B00004Y75M",26,19,29,95,541,5,1,4.55774647887324,710,134,982
"146","B00004YSYM",14,6,6,36,179,5,1,4.49377593360996,241,25,96
"147","B00004YTIQ",27,15,32,26,44,5,1,3.3125,144,44,173
"148","B00004YTJP",369,211,298,398,1016,5,1,3.64616055846422,2292,234,1138
"149","B00004YURI",53,10,24,19,46,5,1,2.96710526315789,152,67,767
"150","B00004YVCY",13,6,15,59,253,5,1,4.54046242774566,346,69,480
"151","B00004Z2FQ",8,7,5,29,78,5,1,4.2755905511811,127,75,929
"152","B00004ZB4I",5,8,9,13,61,5,1,4.21875,96,34,138
"153","B00004ZB4K",15,21,120,255,1557,5,1,4.6859756097561,1968,606,1182
"154","B00004ZB4U",50,24,42,82,570,5,1,4.4296875,768,251,1455
"155","B00004ZBQN",7,5,8,11,55,5,1,4.18604651162791,86,43,233
"156","B00004ZBQO",13,8,17,26,90,5,1,4.11688311688312,154,65,459
"157","B0000506FJ",4,9,10,8,25,5,1,3.73214285714286,56,36,193
"158","B000050FEQ",1,3,8,9,7,5,1,3.64285714285714,28,25,193
"159","B000053F9E",6,4,10,10,15,5,1,3.53333333333333,45,37,322
"160","B000059MTF",9,4,9,26,112,5,1,4.425,160,15,55
"161","B00005A3L1",47,28,58,225,621,5,1,4.37385086823289,979,442,5556
"162","B00005A3L6",17,10,15,60,207,5,1,4.3915857605178,309,209,1280
"163","B00005A3L7",19,11,26,81,262,5,1,4.39348370927318,399,62,478
"164","B00005AH87",2,1,2,3,6,5,1,3.71428571428571,14,4,7
"165","B00005AMCJ",11,5,8,42,191,5,1,4.54474708171206,257,50,243
"166","B00005BPK7",19,16,19,37,132,5,1,4.10762331838565,223,96,606
"167","B00005C6E3",17,1,5,2,14,5,1,2.87179487179487,39,34,335
"168","B00005KAXY",10,12,10,28,326,5,1,4.67875647668394,386,266,1504
"169","B00005MF8V",94,42,65,143,531,5,1,4.11428571428571,875,164,632
"170","B00005NMUO",5,2,3,9,19,5,1,3.92105263157895,38,16,134
"171","B00005O1DZ",369,211,298,398,1016,5,1,3.64616055846422,2292,234,1138
"172","B00005Q3SL",2,3,2,9,28,5,1,4.31818181818182,44,37,227
"173","B00005U553",369,211,298,398,1016,5,1,3.64616055846422,2292,234,1138
"174","B00005V7KY",17,8,14,20,63,5,1,3.85245901639344,122,10,54
"175","B00005Y0ID",396,118,82,155,498,5,1,3.19295436349079,1249,331,1811
"176","B00005Y0IG",31,23,25,32,44,5,1,3.2258064516129,155,37,197
"177","B00005Y0IH",43,9,2,4,22,5,1,2.4125,80,45,190
"178","B00005YX2Z",7,13,28,75,356,5,1,4.5866388308977,479,80,297
"179","B000063XHT",130,80,172,204,584,5,1,3.88205128205128,1170,220,2146
"180","B000066RVG",1,1,5,4,10,5,1,4,21,10,44
"181","B000068DYB",17,8,14,5,9,5,1,2.64150943396226,53,23,62
"182","B000068UG6",272,122,144,310,1740,5,1,4.20710973724884,2588,566,3002
"183","B00006LPPB",5,1,6,4,28,5,1,4.11363636363636,44,12,66
"184","B00006OAME",12,8,9,17,38,5,1,3.72619047619048,84,41,267
"185","B00006OAMH",9,3,2,3,5,5,1,2.63636363636364,22,16,281
"186","B00006SIJ7",78,73,77,92,507,5,1,4.06045949214027,827,115,1069
"187","B00006WS5E",14,2,5,17,27,5,1,3.63076923076923,65,33,273
"188","B00006XMTL",16,7,11,23,33,5,1,3.55555555555556,90,64,844
"189","B00006XMTM",87,32,55,165,221,5,1,3.71607142857143,560,354,2797
"190","B000071NUS",257,176,252,533,1497,5,1,4.04493554327808,2715,831,4336
"191","B0000775FU",4,1,6,30,260,5,1,4.79734219269103,301,64,425
"192","B0000775FY",2,2,6,11,85,5,1,4.65094339622642,106,28,94
"193","B00008DHPC",7,3,4,10,44,5,1,4.19117647058824,68,19,120
"194","B00008DHPE",8,4,6,38,268,5,1,4.70987654320988,324,124,566
"195","B00008IHSK",96,52,112,271,666,5,1,4.13533834586466,1197,533,4611
"196","B00008PVZS",19,12,19,20,78,5,1,3.85135135135135,148,47,250
"197","B00008VE39",18,16,19,42,90,5,1,3.91891891891892,185,62,308
"198","B00008ZOXX",31,26,40,158,352,5,1,4.27512355848435,607,304,1797
"199","B00008ZOY0",35,10,10,31,66,5,1,3.54605263157895,152,77,395
"200","B0000950PZ",26,13,23,48,115,5,1,3.94666666666667,225,63,360
"201","B000099Z90",7,4,11,6,17,5,1,3.48888888888889,45,17,99
"202","B00009EFEI",1,3,10,12,111,5,1,4.67153284671533,137,36,70
"203","B00009YRWE",2,7,6,8,39,5,1,4.20967741935484,62,18,61
"204","B00009YUHQ",8,6,5,47,118,5,1,4.41847826086957,184,64,277
"205","B00009YV8P",83,38,41,66,152,5,1,3.43684210526316,380,111,644
"206","B0000AKN9T",10,8,9,9,23,5,1,3.45762711864407,59,41,340
"207","B0000AQO10",3,6,15,45,241,5,1,4.66129032258065,310,33,81
"208","B0000ASCXT",11,7,12,25,116,5,1,4.33333333333333,171,58,281
"209","B0000AVXAG",4,2,6,13,33,5,1,4.18965517241379,58,16,60
"210","B0000AX0CY",3,1,5,21,46,5,1,4.39473684210526,76,45,272
"211","B0000AX482",17,5,11,17,92,5,1,4.14084507042254,142,33,88
"212","B0000AX4SP",5,4,4,20,50,5,1,4.27710843373494,83,30,125
"213","B0000AX4UO",4,1,3,1,4,5,1,3,13,4,13
"214","B0000AY19M",33,6,11,18,53,5,1,3.4297520661157,121,61,243
"215","B0000AY6TC",3,1,3,6,12,5,1,3.92,25,8,14
"216","B0000BWGRW",4,3,7,10,51,5,1,4.34666666666667,75,19,108
"217","B0000BXHL0",5,7,10,43,53,5,1,4.11864406779661,118,41,371
"218","B0000BXHL1",6,3,3,20,61,5,1,4.36559139784946,93,42,267
"219","B0000BYC7N",7,7,14,15,125,5,1,4.45238095238095,168,37,150
"220","B0000BYC7Q",19,21,25,48,148,5,1,4.09195402298851,261,109,320
"221","B0000BYCD5",62,43,82,307,918,5,1,4.39943342776204,1412,318,1517
"222","B0000BYCP7",585,63,66,66,120,5,1,1.97,900,432,1578
"223","B0000BYDXN",31,14,24,61,158,5,1,4.04513888888889,288,123,535
"224","B0000BYEA2",9,8,8,26,59,5,1,4.07272727272727,110,26,115
"225","B0000BYEMD",36,16,24,70,205,5,1,4.11680911680912,351,80,560
"226","B0000BYEN4",17,8,8,14,24,5,1,3.28169014084507,71,42,281
"227","B0000CAQ0S",4,1,3,1,14,5,1,3.8695652173913,23,10,36
"228","B0000CBB5O",2,1,1,2,5,5,1,3.63636363636364,11,8,13
"229","B0000CBIFG",16,5,27,78,301,5,1,4.50585480093677,427,47,283
"230","B0000CBIL3",32,14,17,10,32,5,1,2.96190476190476,105,56,209
"231","B0000CBIN1",1,1,6,5,5,5,1,3.66666666666667,18,5,12
"232","B0000CBIR9",14,2,25,58,264,5,1,4.53168044077135,363,115,373
"233","B0000CBITW",3,3,11,17,95,5,1,4.53488372093023,129,33,309
"234","B0000CBIU2",20,34,57,81,198,5,1,4.03333333333333,390,77,422
"235","B0000CBJ4Q",8,2,4,24,116,5,1,4.54545454545455,154,26,54
"236","B0000CBJBS",1,1,3,3,10,5,1,4.11111111111111,18,4,13
"237","B0000CBJGA",8,3,3,2,12,5,1,3.25,28,13,39
"238","B0000CBJGC",8,8,16,43,96,5,1,4.23391812865497,171,33,174
"239","B0000CF5MT",206,64,79,168,694,5,1,3.89182493806771,1211,351,2392
"240","B0000CGEF7",7,4,9,15,60,5,1,4.23157894736842,95,18,64
"241","B0000CGEUO",26,11,8,19,106,5,1,3.98823529411765,170,26,135
"242","B0000D1BTD",1,1,1,3,6,5,1,4,12,2,6
"243","B0000DG86W",14,4,12,10,62,5,1,4,102,56,513
"244","B0000DG8AR",138,41,29,40,160,5,1,3.10539215686275,408,150,864
"245","B0000DGAKF",9,4,4,14,37,5,1,3.97058823529412,68,17,686
"246","B0000DGAKI",4,2,4,18,57,5,1,4.43529411764706,85,19,107
"247","B0000DGAKJ",33,19,26,103,278,5,1,4.25054466230937,459,113,645
"248","B0000DGAKL",21,1,13,40,124,5,1,4.23115577889447,199,74,1054
"249","B0000DGAKO",33,19,26,103,278,5,1,4.25054466230937,459,113,645
"250","B0000DGF5S",38,14,10,10,46,5,1,3.10169491525424,118,61,463
"251","B0000DGF9V",60,22,34,24,198,5,1,3.82248520710059,338,156,898
"252","B0000DGFAB",32,8,6,18,72,5,1,3.66176470588235,136,64,332
"253","B0000DGFAC",47,11,8,16,139,5,1,3.8552036199095,221,75,419
"254","B0000DGFCP",4,2,4,3,12,5,1,3.68,25,11,47
"255","B0000DGG1U",144,76,44,104,546,5,1,3.91028446389497,914,366,1830
"256","B0000DGG1V",18,10,10,9,52,5,1,3.67676767676768,99,49,220
"257","B0000DGG22",22,9,6,11,54,5,1,3.64705882352941,102,62,251
"258","B0000DGG8B",51,11,17,12,54,5,1,3.04827586206897,145,82,433
"259","B0000DI4B5",1,1,2,8,31,5,1,4.55813953488372,43,11,28
"260","B0000DI845",102,56,118,223,477,5,1,3.93954918032787,976,393,4149
"261","B0000DI84D",18,12,16,27,73,5,1,3.85616438356164,146,25,98
"262","B0000DI84V",3,1,4,11,54,5,1,4.53424657534247,73,12,25
"263","B0000DI84X",2,3,2,15,78,5,1,4.64,100,12,27
"264","B0000DI84Z",4,2,4,11,84,5,1,4.60952380952381,105,25,55
"265","B0000DI85H",4,3,1,3,7,5,1,3.33333333333333,18,10,22
"266","B0000DI85K",22,9,17,57,250,5,1,4.41971830985915,355,64,301
"267","B0000DJZX3",5,1,4,8,22,5,1,4.025,40,17,116
"268","B0000E2RH5",2,1,2,6,25,5,1,4.41666666666667,36,10,25
"269","B0000E2SGT",1,1,1,1,24,5,1,4.64285714285714,28,3,3
"270","B0000EI9BK",3,2,8,37,77,5,1,4.44094488188976,127,63,336
"271","B0000SW0UU",56,28,53,85,221,5,1,3.87358916478555,443,166,1439
"272","B0000TPRD6",96,81,159,278,822,5,1,4.1483286908078,1436,291,1265
"273","B0000TPRK4",96,81,159,278,822,5,1,4.1483286908078,1436,291,1265
"274","B0000UJGZU",12,2,4,18,42,5,1,3.97435897435897,78,38,284
"275","B0000UJH0E",2,4,2,14,36,5,1,4.3448275862069,58,2,4
"276","B0000UJI1C",12,6,10,8,42,5,1,3.79487179487179,78,26,60
"277","B0000VLPPI",38,24,54,74,352,5,1,4.25092250922509,542,54,254
"278","B0000VUN8S",15,13,52,111,263,5,1,4.30837004405286,454,78,323
"279","B0000VUN92",9,9,13,49,188,5,1,4.48507462686567,268,41,185
"280","B0000VUNB0",15,8,16,34,120,5,1,4.22279792746114,193,59,97
"281","B0000VUNBA",65,47,59,83,194,5,1,3.65625,448,79,389
"282","B0000VUNS8",65,47,59,83,194,5,1,3.65625,448,79,389
"283","B0000VUNSI",65,47,59,83,194,5,1,3.65625,448,79,389
"284","B0000VYDKM",167,100,136,277,818,5,1,3.98731642189586,1498,188,1731
"285","B0000VYIZC",111,59,61,165,492,5,1,3.97747747747748,888,162,601
"286","B0000VYIZM",90,46,55,116,344,5,1,3.88786482334869,651,99,587
"287","B0001206R4",12,3,14,31,97,5,1,4.26114649681529,157,26,80
"288","B00012FQDS",5,1,4,7,22,5,1,4.02564102564103,39,18,53
"289","B00012NUMM",17,18,40,67,367,5,1,4.47151277013752,509,74,478
"290","B00012NUMW",7,6,8,46,404,5,1,4.77070063694268,471,106,472
"291","B00012NUZ4",31,19,54,133,1228,5,1,4.71194539249147,1465,281,1991
"292","B00012TL2A",369,211,298,398,1016,5,1,3.64616055846422,2292,234,1138
"293","B000139Q56",86,68,133,352,865,5,1,4.22473404255319,1504,648,4320
"294","B0001654IG",8,8,14,19,58,5,1,4.03738317757009,107,27,105
"295","B0001AUF72",8,4,10,13,78,5,1,4.31858407079646,113,29,212
"296","B0001AUFAO",102,24,6,18,54,5,1,2.5,204,132,668
"297","B0001B509E",34,21,24,67,122,5,1,3.82835820895522,268,70,448
"298","B0001B50B2",6,12,16,37,102,5,1,4.25433526011561,173,44,279
"299","B0001B50BM",20,14,28,42,148,5,1,4.12698412698413,252,49,269
"300","B0001D67IU",93,31,21,20,131,5,1,3.21959459459459,296,73,364
"301","B0001IOYX0",4,6,6,31,358,5,1,4.80987654320988,405,107,807
"302","B0001LF14S",2,1,2,8,39,5,1,4.55769230769231,52,18,138
"303","B0001LF2JW",4,1,2,12,19,5,1,4.07894736842105,38,16,65
"304","B0001MII88",71,28,41,120,600,5,1,4.33720930232558,860,307,1542
"305","B0001MQLF0",12,7,12,8,23,5,1,3.37096774193548,62,34,148
"306","B0001P4PSC",5,2,12,48,241,5,1,4.68181818181818,308,95,191
"307","B0001QIUGO",52,23,22,63,202,5,1,3.93922651933702,362,185,999
"308","B0001W2VXQ",4,4,9,19,214,5,1,4.74,250,56,185
"309","B0001W2VYK",24,13,11,23,185,5,1,4.296875,256,101,489
"310","B0001W2W58",12,9,14,26,290,5,1,4.63247863247863,351,61,322
"311","B0001WU106",5,6,10,41,131,5,1,4.48704663212435,193,26,191
"312","B0001WV010",23,22,38,143,624,5,1,4.55647058823529,850,198,1648
"313","B0001XLSGQ",140,88,125,335,978,5,1,4.15426170468187,1666,547,4208
"314","B0001YAY42",30,25,38,61,99,5,1,3.68774703557312,253,90,628
"315","B0001YIAZ2",6,2,2,5,16,5,1,3.74193548387097,31,7,10
"316","B0001ZI560",77,24,63,220,1326,5,1,4.57543859649123,1710,227,1496
"317","B00020O57M",46,20,23,34,152,5,1,3.82181818181818,275,56,530
"318","B000216X6M",30,11,15,27,87,5,1,3.76470588235294,170,87,687
"319","B000216X7G",8,6,2,4,29,5,1,3.81632653061224,49,15,41
"320","B00022KIJO",12,4,5,5,23,5,1,3.46938775510204,49,19,55
"321","B00022OK2A",21,17,30,144,937,5,1,4.70496083550914,1149,537,4854
"322","B000231AXG",26,25,55,141,630,5,1,4.5096921322691,877,440,3297
"323","B0002564LW",30,4,14,36,142,5,1,4.13274336283186,226,48,180
"324","B0002564VC",8,2,4,20,86,5,1,4.45,120,34,96
"325","B0002564VM",190,82,58,122,438,5,1,3.60224719101124,890,242,1124
"326","B00025669M",10,2,4,12,80,5,1,4.38888888888889,108,8,18
"327","B00025686I",44,14,30,32,206,5,1,4.04907975460123,326,62,214
"328","B0002568SQ",364,126,164,326,1616,5,1,4.04160246533128,2596,452,1900
"329","B0002568T0",12,16,8,6,80,5,1,4.0327868852459,122,30,128
"330","B000256E44",2,4,4,12,46,5,1,4.41176470588235,68,8,42
"331","B000256E5S",2,2,4,18,48,5,1,4.45945945945946,74,16,20
"332","B00025EJ00",5,3,15,36,74,5,1,4.28571428571429,133,29,113
"333","B00025H2PY",234,101,256,556,3467,5,1,4.5,4614,2704,24089
"334","B00025YV80",20,16,12,32,170,5,1,4.264,250,38,128
"335","B00025YW2U",22,10,20,30,146,5,1,4.17543859649123,228,54,194
"336","B00026W5UK",31,19,54,133,1228,5,1,4.71194539249147,1465,281,1991
"337","B00026Z49Y",14,6,4,20,90,5,1,4.23880597014925,134,46,116
"338","B000270BAA",5,4,4,7,53,5,1,4.35616438356164,73,37,137
"339","B000274GRO",9,5,15,19,55,5,1,4.02912621359223,103,64,568
"340","B000276NHA",1,1,1,4,1,5,1,3.375,8,5,62
"341","B000279304",9,9,19,40,245,5,1,4.56211180124224,322,71,376
"342","B00028ZMEO",960,658,740,808,2376,5,1,3.5380728978708,5542,928,5446
"343","B0002913F0",13,3,7,24,144,5,1,4.48167539267016,191,55,228
"344","B0002913HI",13,3,7,24,144,5,1,4.48167539267016,191,55,228
"345","B0002913MI",17,10,15,64,162,5,1,4.28358208955224,268,60,278
"346","B000291GC0",6,1,9,19,54,5,1,4.28089887640449,89,24,85
"347","B0002APPAS",6,4,4,24,144,5,1,4.62637362637363,182,44,100
"348","B0002APPUS",28,16,18,36,98,5,1,3.81632653061224,196,68,264
"349","B0002AQXLI",20,10,18,6,32,5,1,3.23255813953488,86,14,84
"350","B0002AQYGW",6,10,10,26,82,5,1,4.25373134328358,134,24,48
"351","B0002BVNYY",6,8,10,14,30,5,1,3.79411764705882,68,20,24
"352","B0002CF074",70,44,44,90,170,5,1,3.58851674641148,418,172,934
"353","B0002DGNP6",6,10,7,17,113,5,1,4.44444444444444,153,42,141
"354","B0002DHBDY",27,13,8,37,224,5,1,4.35275080906149,309,86,481
"355","B0002DHBSY",4,2,2,10,24,5,1,4.14285714285714,42,16,36
"356","B0002DHHJM",22,6,20,34,206,5,1,4.375,288,34,84
"357","B0002DI4H6",10,10,24,16,52,5,1,3.80357142857143,112,36,130
"358","B0002DI7YQ",2,6,30,96,430,5,1,4.67730496453901,564,106,462
"359","B0002DK91A",23,21,29,38,117,5,1,3.89912280701754,228,59,353
"360","B0002DK9EC",5,5,12,24,153,5,1,4.58291457286432,199,41,141
"361","B0002DK9Q0",29,10,10,26,42,5,1,3.35897435897436,117,41,134
"362","B0002DKB36",29,21,29,43,198,5,1,4.125,320,68,396
"363","B0002DRJDQ",3,2,2,5,35,5,1,4.42553191489362,47,13,62
"364","B0002FP3Z0",1,1,4,3,14,5,1,4.21739130434783,23,6,10
"365","B0002FZAV2",118,39,38,58,176,5,1,3.31468531468531,429,164,596
"366","B0002GWW80",4,4,2,34,100,5,1,4.54166666666667,144,53,314
"367","B0002H33NW",7,4,5,8,51,5,1,4.22666666666667,75,66,182
"368","B0002H3QX4",5,2,10,19,104,5,1,4.53571428571429,140,54,184
"369","B0002HR2NO",2,2,1,2,13,5,1,4.1,20,7,7
"370","B0002HSEXQ",22,8,16,47,325,5,1,4.54306220095694,418,232,997
"371","B0002HSFBC",26,7,15,42,163,5,1,4.22134387351779,253,66,340
"372","B0002IJXDA",114,56,59,127,507,5,1,3.99304750869061,863,214,834
"373","B0002IKTYW",5,9,11,26,123,5,1,4.45402298850575,174,72,238
"374","B0002IKVMM",13,2,4,7,22,5,1,3.47916666666667,48,31,225
"375","B0002IQ96Y",44,23,29,34,137,5,1,3.73782771535581,267,77,369
"376","B0002IU8K2",26,25,42,77,549,5,1,4.52712100139082,719,179,988
"377","B0002IW4CM",32,7,10,5,29,5,1,2.90361445783133,83,28,86
"378","B0002IXIIQ",2,1,1,6,41,5,1,4.62745098039216,51,10,83
"379","B0002IXIJ0",3,2,1,7,89,5,1,4.73529411764706,102,41,169
"380","B0002IXKPW",10,4,2,15,82,5,1,4.3716814159292,113,27,69
"381","B0002IXKQQ",14,7,5,15,100,5,1,4.27659574468085,141,49,133
"382","B0002IXKS4",26,22,18,57,414,5,1,4.51024208566108,537,105,427
"383","B0002IXL2E",1,2,1,1,17,5,1,4.40909090909091,22,2,4
"384","B0002IXL38",1,2,1,1,17,5,1,4.40909090909091,22,2,4
"385","B0002J1LNO",83,62,108,320,812,5,1,4.23898916967509,1385,399,4908
"386","B0002JZMXY",18,12,17,58,132,5,1,4.15611814345992,237,134,995
"387","B0002KHDI0",51,11,12,27,346,5,1,4.35570469798658,447,139,769
"388","B0002KHDLW",16,3,10,34,324,5,1,4.671834625323,387,79,265
"389","B0002KK580",15,17,33,63,179,5,1,4.21824104234528,307,32,190
"390","B0002KNM8K",9,5,13,10,70,5,1,4.18691588785047,107,32,81
"391","B0002KNRTO",8,13,14,39,124,5,1,4.3030303030303,198,83,586
"392","B0002MKGO6",16,6,3,9,66,5,1,4.03,100,33,91
"393","B0002NVCAC",8,4,11,8,16,5,1,3.42553191489362,47,22,86
"394","B0002OOMRG",3,2,6,14,45,5,1,4.37142857142857,70,49,354
"395","B0002PQB6U",1,1,2,2,12,5,1,4.27777777777778,18,3,39
"396","B0002U3V72",58,40,78,210,594,5,1,4.26734693877551,980,280,1448
"397","B0002U3V7C",58,40,78,210,594,5,1,4.26734693877551,980,280,1448
"398","B0002UVS2M",17,4,20,40,119,5,1,4.2,200,111,651
"399","B0002WZRKE",23,13,23,43,84,5,1,3.81720430107527,186,76,538
"400","B0002YPCVQ",12,1,2,12,18,5,1,3.51111111111111,45,22,63
"401","B0002YPKVS",79,30,33,51,182,5,1,3.60533333333333,375,119,544
"402","B0002YTBWC",18,10,17,35,137,5,1,4.21198156682028,217,48,226
"403","B0002YTPL4",22,5,13,47,153,5,1,4.26666666666667,240,61,203
"404","B0002YUBBW",3,2,15,24,191,5,1,4.6936170212766,235,20,95
"405","B0002YUESC",3,3,5,13,46,5,1,4.37142857142857,70,20,73
"406","B0002YUNOC",3,6,15,45,241,5,1,4.66129032258065,310,33,81
"407","B0002YV3BY",4,1,3,7,14,5,1,3.89655172413793,29,13,51
"408","B0002YVDSW",87,31,34,77,384,5,1,4.04404567699837,613,53,459
"409","B0002YVE5O",72,34,66,164,858,5,1,4.42546063651591,1194,160,564
"410","B0002YVUIA",1,1,1,5,54,5,1,4.7741935483871,62,22,38
"411","B0002YW4US",21,12,27,54,275,5,1,4.41388174807198,389,75,478
"412","B0002YWMBY",8,1,3,12,42,5,1,4.1969696969697,66,34,80
"413","B0002YWRH8",10,8,4,16,54,5,1,4.04347826086957,92,28,134
"414","B0002Z0NBY",11,1,5,26,201,5,1,4.65983606557377,244,67,223
"415","B0002Z1H8C",3,3,1,4,10,5,1,3.71428571428571,21,15,31
"416","B0002ZWE5C",82,28,62,60,314,5,1,3.90842490842491,546,310,3332
"417","B00030F7ZA",31,13,9,15,39,5,1,3.16822429906542,107,51,204
"418","B000357GJK",2,4,6,12,42,5,1,4.33333333333333,66,38,150
"419","B00061MSS0",54,34,66,120,532,5,1,4.29280397022332,806,514,6188
"420","B00062KQ42",21,8,32,103,841,5,1,4.72636815920398,1005,359,2928
"421","B00062VZOW",7,4,17,54,227,5,1,4.58576051779935,309,23,74
"422","B00062WTQ0",8,3,2,6,34,5,1,4.0377358490566,53,22,101
"423","B00062WTQU",7,4,8,5,27,5,1,3.80392156862745,51,33,100
"424","B00062WTTM",4,1,2,8,5,5,1,3.45,20,8,33
"425","B000633Q84",30,7,17,34,156,5,1,4.14344262295082,244,61,186
"426","B000633XVO",52,10,8,16,50,5,1,3.01470588235294,136,40,204
"427","B0006349F8",3,1,1,1,5,5,1,3.36363636363636,11,7,32
"428","B000634IOA",1,5,6,10,31,5,1,4.22641509433962,53,18,73
"429","B000637NQU",78,32,26,89,240,5,1,3.81935483870968,465,110,464
"430","B00064C4UE",1,2,4,11,45,5,1,4.53968253968254,63,33,105
"431","B000652DCW",9,12,8,32,277,5,1,4.64497041420118,338,111,674
"432","B000668Z96",2042,838,842,1086,3164,5,1,3.31259407927747,7972,1872,18542
"433","B00066YSGU",3,3,7,19,19,5,1,3.94117647058824,51,14,92
"434","B000678LOE",9,4,7,20,56,5,1,4.14583333333333,96,20,136
"435","B00068AD3A",3,5,8,22,62,5,1,4.35,100,28,155
"436","B00068E91M",11,4,9,18,73,5,1,4.2,115,30,94
"437","B00068JC14",5,1,2,5,55,5,1,4.52941176470588,68,18,27
"438","B0006BBYI0",64,26,52,76,322,5,1,4.04814814814815,540,176,1296
"439","B0006BJLK8",8,1,3,12,42,5,1,4.1969696969697,66,34,80
"440","B0006BJLKI",8,1,3,12,42,5,1,4.1969696969697,66,34,80
"441","B0006G5EQS",7,4,7,20,183,5,1,4.66515837104072,221,39,123
"442","B0006GT6C6",20,23,30,82,457,5,1,4.52450980392157,612,378,1260
"443","B0006HDJO6",43,20,54,76,342,5,1,4.22242990654206,535,49,173
"444","B0006HGP7O",53,46,61,72,202,5,1,3.74654377880184,434,88,396
"445","B0006HRQMC",4,4,4,18,86,5,1,4.53448275862069,116,41,240
"446","B0006HRQMW",4,6,5,14,101,5,1,4.55384615384615,130,47,330
"447","B0006HRQN6",24,18,37,42,168,5,1,4.0795847750865,289,101,810
"448","B0006HRQNG",231,90,60,120,486,5,1,3.54711246200608,987,378,1791
"449","B0006HRWGC",40,21,41,29,67,5,1,3.31313131313131,198,61,534
"450","B0006IX878",84,16,28,54,282,5,1,3.93534482758621,464,42,136
"451","B0006IXXEG",61,43,55,72,459,5,1,4.19565217391304,690,93,570
"452","B0006IXXEQ",6,3,1,15,38,5,1,4.20634920634921,63,14,53
"453","B0006IXXF0",12,5,6,10,62,5,1,4.10526315789474,95,27,77
"454","B0006JDWGO",52,18,42,50,258,5,1,4.05714285714286,420,136,630
"455","B0006JLTO6",12,2,10,12,46,5,1,3.95121951219512,82,8,28
"456","B0006JLXGA",26,22,54,46,182,5,1,4.01818181818182,330,42,146
"457","B0006L18N6",1,1,4,6,22,5,1,4.38235294117647,34,10,45
"458","B0006MXPVS",2,1,2,12,18,5,1,4.22857142857143,35,24,211
"459","B0006OC5AI",6,5,9,16,33,5,1,3.94202898550725,69,43,255
"460","B0006OIZN4",320,156,174,360,1346,5,1,3.95755517826825,2356,552,2882
"461","B0006OIZO8",74,48,52,176,778,5,1,4.36170212765957,1128,216,864
"462","B0006Q5ORW",3,6,7,6,15,5,1,3.64864864864865,37,16,96
"463","B0006SQKDC",7,9,12,14,42,5,1,3.89285714285714,84,28,159
"464","B0006TWH8I",4,2,4,6,12,5,1,3.71428571428571,28,10,65
"465","B0006U2FJ8",75,42,45,120,407,5,1,4.07692307692308,689,208,1364
"466","B0006YYDNU",1,2,2,3,10,5,1,4.05555555555556,18,8,10
"467","B0006ZM4KS",12,3,10,39,121,5,1,4.37297297297297,185,45,103
"468","B0006ZP0EA",14,4,8,14,24,5,1,3.46875,64,29,168
"469","B00075LUH0",22,9,21,31,49,5,1,3.57575757575758,132,109,724
"470","B00075M3N0",15,11,11,23,64,5,1,3.88709677419355,124,56,370
"471","B00075M3W6",43,34,35,73,284,5,1,4.11087420042644,469,121,519
"472","B00078721K",2,6,4,10,48,5,1,4.37142857142857,70,16,40
"473","B00079RIFO",12,6,2,2,8,5,1,2.6,30,15,53
"474","B00079WGCE",272,122,144,310,1740,5,1,4.20710973724884,2588,566,3002
"475","B0007A1C1E",10,5,6,12,27,5,1,3.68333333333333,60,21,189
"476","B0007IN32W",142,96,118,112,234,5,1,3.28490028490029,702,222,1140
"477","B0007KP9S6",44,32,67,156,766,5,1,4.47230046948357,1065,82,480
"478","B0007KP9SG",35,14,11,29,125,5,1,3.91121495327103,214,18,76
"479","B0007LQ3RQ",61,54,87,223,2173,5,1,4.69091608929946,2598,663,3325
"480","B0007LXTNC",24,2,6,14,38,5,1,3.47619047619048,84,46,252
"481","B0007M2Z36",22,12,10,38,120,5,1,4.0990099009901,202,44,236
"482","B0007M4VRO",60,16,21,25,62,5,1,3.07065217391304,184,75,553
"483","B0007M8ZSU",15,6,8,5,17,5,1,3.05882352941176,51,22,58
"484","B0007MGCSU",44,12,24,108,348,5,1,4.3134328358209,536,194,1056
"485","B0007MU0SS",2,6,12,38,94,5,1,4.42105263157895,152,30,210
"486","B0007MU11E",9,2,17,9,22,5,1,3.5593220338983,59,27,171
"487","B0007N2I8M",132,80,84,142,474,5,1,3.81798245614035,912,183,1050
"488","B0007N5M6M",14,24,22,96,240,5,1,4.32323232323232,396,132,780
"489","B0007NY3DA",25,10,21,64,174,5,1,4.19727891156463,294,105,434
"490","B0007O3G5A",62,43,82,307,918,5,1,4.39943342776204,1412,318,1517
"491","B0007OPJM8",25,21,42,156,351,5,1,4.32268907563025,595,265,2301
"492","B0007P2CAE",33,20,21,25,81,5,1,3.56111111111111,180,125,1223
"493","B0007PZLZW",7,9,3,9,56,5,1,4.16666666666667,84,13,28
"494","B0007PZN2S",7,4,7,18,27,5,1,3.85714285714286,63,18,43
"495","B0007PZN5K",43,32,38,43,109,5,1,3.53962264150943,265,47,216
"496","B0007PZN7S",13,4,5,19,33,5,1,3.74324324324324,74,23,117
"497","B0007PZN9Q",19,13,12,35,72,5,1,3.8476821192053,151,43,207
"498","B0007PZNDC",186,84,96,176,664,5,1,3.86898839137645,1206,178,594
"499","B0007QMAZU",5,4,6,20,40,5,1,4.14666666666667,75,52,659
"500","B0007UQ2MI",4,2,6,7,22,5,1,4,41,14,90
"501","B0007UQ2MS",71,28,41,120,600,5,1,4.33720930232558,860,307,1542
"502","B0007UQ2U0",8,2,2,7,20,5,1,3.74358974358974,39,21,126
"503","B0007UQ2UU",4,3,2,3,12,5,1,3.66666666666667,24,19,143
"504","B0007UQ2WI",94,24,42,49,74,5,1,2.9469964664311,283,92,513
"505","B0007VBRUE",136,65,117,249,748,5,1,4.07072243346008,1315,426,3333
"506","B0007VTQI4",6,4,4,6,2,5,1,2.72727272727273,22,15,51
"507","B0007WJF9S",11,6,1,5,15,5,1,3.18421052631579,38,11,23
"508","B0007WOSQI",1,1,2,5,16,5,1,4.36,25,4,8
"509","B0007WXJ18",47,18,21,17,35,5,1,2.81884057971015,138,35,170
"510","B0007XC2RO",48,18,10,20,102,5,1,3.55555555555556,198,34,153
"511","B0007XU5JG",9,3,9,11,32,5,1,3.84375,64,11,28
"512","B0007XXNOA",21,15,12,28,61,5,1,3.67883211678832,137,73,574
"513","B0007XXNQS",5,6,5,10,23,5,1,3.81632653061224,49,14,53
"514","B0007XXNRM",7,4,5,21,42,5,1,4.10126582278481,79,54,184
"515","B0007XXNRW",9,9,10,36,79,5,1,4.16783216783217,143,61,325
"516","B0007XXNS6",5,4,6,16,58,5,1,4.32584269662921,89,37,275
"517","B0007XXNT0",32,17,20,41,130,5,1,3.91666666666667,240,113,490
"518","B0007XXNU4",50,24,30,52,108,5,1,3.54545454545455,264,152,1058
"519","B0007XXNUE",7,3,2,8,14,5,1,3.55882352941176,34,19,117
"520","B0007YZ42I",2,3,15,24,118,5,1,4.56172839506173,162,30,97
"521","B0007ZGUL6",7,4,11,21,116,5,1,4.47798742138365,159,108,373
"522","B0007ZGURK",31,43,79,144,479,5,1,4.28479381443299,776,95,731
"523","B0007ZGURU",12,10,21,34,142,5,1,4.29680365296804,219,43,284
"524","B0007ZGUTI",8,6,4,8,29,5,1,3.8,55,25,206
"525","B0007ZJ194",4,8,18,74,186,5,1,4.48275862068965,290,126,644
"526","B0007ZK5KS",8,10,4,36,112,5,1,4.37647058823529,170,68,122
"527","B0007ZK5V2",86,68,133,352,865,5,1,4.22473404255319,1504,648,4320
"528","B0007ZK5XA",17,4,6,13,25,5,1,3.38461538461538,65,32,231
"529","B00080MHX0",79,36,22,68,122,5,1,3.36085626911315,327,141,707
"530","B00080MIJI",35,15,11,33,174,5,1,4.1044776119403,268,135,1412
"531","B00080OCS8",5,1,4,18,121,5,1,4.67114093959732,149,17,68
"532","B000818WFQ",2,1,2,9,38,5,1,4.53846153846154,52,38,238
"533","B00081I7K6",10,1,6,9,32,5,1,3.89655172413793,58,14,68
"534","B0008309SW",23,5,18,29,148,5,1,4.22869955156951,223,94,230
"535","B0008DBP7Q",8,3,13,18,57,5,1,4.14141414141414,99,53,478
"536","B0008EHFUG",5,1,4,25,151,5,1,4.6989247311828,186,56,148
"537","B0008G2VZ8",24,8,21,19,42,5,1,3.41228070175439,114,44,261
"538","B0008IT0GE",17,10,6,12,109,5,1,4.20779220779221,154,39,218
"539","B0008IT0HS",22,28,33,72,212,5,1,4.15531335149864,367,69,314
"540","B00092M278",4,2,3,6,8,5,1,3.52173913043478,23,10,45
"541","B000934FHM",6,2,4,4,25,5,1,3.97560975609756,41,17,104
"542","B00095ODBI",20,7,32,105,342,5,1,4.46640316205534,506,228,2533
"543","B00097D1SW",8,3,1,14,19,5,1,3.73333333333333,45,15,55
"544","B0009E3G8U",13,8,11,32,40,5,1,3.75,104,49,261
"545","B0009EU6BU",1,4,7,13,32,5,1,4.24561403508772,57,15,63
"546","B0009F15J6",7,3,3,9,24,5,1,3.8695652173913,46,26,81
"547","B0009GZA6O",19,12,33,55,208,5,1,4.28746177370031,327,140,537
"548","B0009H2ODA",14,3,3,10,57,5,1,4.06896551724138,87,26,93
"549","B0009I66LA",1,1,1,1,7,5,1,4.09090909090909,11,3,7
"550","B0009IBJBM",40,8,18,33,168,5,1,4.05243445692884,267,90,330
"551","B0009IMDBW",1,1,2,12,56,5,1,4.68055555555556,72,19,76
"552","B0009IN5AA",79,27,45,57,332,5,1,3.99259259259259,540,70,641
"553","B0009J5O3K",163,62,81,221,1154,5,1,4.27364663890541,1681,288,1958
"554","B0009JN7WK",1,2,2,21,145,5,1,4.7953216374269,171,60,443
"555","B0009JOWSI",1,4,7,11,60,5,1,4.50602409638554,83,33,93
"556","B0009JTS78",18,12,26,49,247,5,1,4.40625,352,51,291
"557","B0009JXYMS",13,3,7,24,144,5,1,4.48167539267016,191,55,228
"558","B0009JXYNM",17,8,15,68,229,5,1,4.43620178041543,337,66,357
"559","B0009JXYP0",7,1,8,8,24,5,1,3.85416666666667,48,13,64
"560","B0009JXYPU",9,3,5,15,41,5,1,4.04109589041096,73,30,171
"561","B0009JXYQY",28,10,23,59,162,5,1,4.1241134751773,282,93,432
"562","B0009JXYR8",3,4,12,56,288,5,1,4.71349862258953,363,64,163
"563","B0009JXYT6",16,9,14,57,205,5,1,4.41528239202658,301,63,210
"564","B0009JXYUK",4,3,12,34,128,5,1,4.5414364640884,181,14,31
"565","B0009KM2EI",11,5,18,22,29,5,1,3.62352941176471,85,40,343
"566","B0009KM2G6",1,2,2,3,5,5,1,3.69230769230769,13,7,19
"567","B0009KM2J8",2,3,6,10,29,5,1,4.22,50,42,182
"568","B0009NU5YY",34,26,28,51,128,5,1,3.79775280898876,267,124,939
"569","B0009NU5Z8",52,31,54,114,314,5,1,4.07433628318584,565,222,1345
"570","B0009PUQZ0",3,3,1,4,3,5,1,3.07142857142857,14,5,25
"571","B0009PUR0O",2,5,4,10,23,5,1,4.06818181818182,44,17,53
"572","B0009S9U8G",10,15,25,45,134,5,1,4.21397379912664,229,108,580
"573","B0009T89C8",2,1,10,59,366,5,1,4.79452054794521,438,26,59
"574","B0009VSB06",9,10,16,43,125,5,1,4.30541871921182,203,113,1291
"575","B0009WRIUE",7,8,8,11,27,5,1,3.70491803278689,61,30,175
"576","B0009WRIUO",49,27,28,62,369,5,1,4.26168224299065,535,225,391
"577","B0009WRJ6C",41,38,40,39,87,5,1,3.37959183673469,245,111,463
"578","B0009Y7RPS",109,42,51,106,356,5,1,3.84036144578313,664,128,633
"579","B0009YD66M",8,10,4,16,74,5,1,4.23214285714286,112,42,158
"580","B0009YHU5U",112,36,66,100,376,5,1,3.85797101449275,690,274,1108
"581","B0009YJB7U",12,8,4,6,28,5,1,3.51724137931034,58,38,230
"582","B0009Z3KLC",31,17,39,74,179,5,1,4.03823529411765,340,37,301
"583","B0009Z3KRG",9,13,26,46,103,5,1,4.12182741116751,197,16,90
"584","B000A0A3X4",39,7,1,15,41,5,1,3.11650485436893,103,96,1420
"585","B000A0EA8I",2,2,5,8,48,5,1,4.50769230769231,65,24,47
"586","B000A0OMSG",29,16,31,30,111,5,1,3.82027649769585,217,52,321
"587","B000A0UCQM",2,2,4,2,28,5,1,4.36842105263158,38,20,76
"588","B000A0UCRG",34,6,28,44,404,5,1,4.5077519379845,516,104,606
"589","B000A0VOC8",18,12,16,27,73,5,1,3.85616438356164,146,25,98
"590","B000A0VUTK",36,10,6,26,138,5,1,4.01851851851852,216,126,654
"591","B000A0YHHM",11,11,24,63,268,5,1,4.50132625994695,377,130,478
"592","B000A13FHO",17,6,9,33,291,5,1,4.61516853932584,356,38,102
"593","B000A16TDG",5,5,8,11,76,5,1,4.40952380952381,105,22,73
"594","B000A16TE0",22,22,48,82,486,5,1,4.4969696969697,660,90,532
"595","B000A16VS4",4,3,5,28,65,5,1,4.4,105,40,161
"596","B000A1A82E",7,1,5,6,31,5,1,4.06,50,10,40
"597","B000A1A914",18,3,5,16,20,5,1,3.2741935483871,62,31,274
"598","B000A1CENK",13,14,21,59,230,5,1,4.4213649851632,337,155,687
"599","B000A1CEPI",5,1,2,4,13,5,1,3.76,25,12,35
"600","B000A1E690",18,17,29,54,239,5,1,4.34173669467787,357,148,618
"601","B000A1E69A",3,1,2,14,43,5,1,4.47619047619048,63,15,46
"602","B000A1E6B8",9,3,6,16,41,5,1,4.02666666666667,75,17,51
"603","B000A1E7AS",3,1,1,4,39,5,1,4.5625,48,12,29
"604","B000A22S62",10,3,2,14,37,5,1,3.98484848484848,66,18,133
"605","B000A239QK",22,14,20,56,166,5,1,4.18705035971223,278,121,793
"606","B000A239WY",13,11,26,36,105,5,1,4.09424083769634,191,44,169
"607","B000A26WVE",9,7,11,40,137,5,1,4.41666666666667,204,58,303
"608","B000A286YU",9,5,8,26,75,5,1,4.24390243902439,123,48,223
"609","B000A28780",32,20,23,29,90,5,1,3.64432989690722,194,59,239
"610","B000A2N7K8",63,45,39,93,351,5,1,4.05583756345178,591,108,625
"611","B000A3IMP2",59,39,91,230,916,5,1,4.42696629213483,1335,136,818
"612","B000A3IMPC",58,42,46,62,89,5,1,3.27609427609428,297,77,421
"613","B000A3IMRA",25,8,4,8,23,5,1,2.94117647058824,68,28,112
"614","B000A3IMRK",47,23,20,24,64,5,1,3.19662921348315,178,39,157
"615","B000A3IMT8",31,13,15,12,39,5,1,3.13636363636364,110,60,260
"616","B000A3IN10",31,18,40,76,289,5,1,4.26431718061674,454,134,1057
"617","B000A4RK9A",1,1,1,2,11,5,1,4.3125,16,4,7
"618","B000A4RK9U",1,2,3,5,22,5,1,4.36363636363636,33,5,6
"619","B000A4TDPO",2,4,4,11,100,5,1,4.67768595041322,121,18,54
"620","B000A6XBNW",10,1,3,6,9,5,1,3.10344827586207,29,24,127
"621","B000A6XM0E",1,2,3,10,124,5,1,4.81428571428571,140,35,62
"622","B000A79I10",5,5,13,49,211,5,1,4.6113074204947,283,93,450
"623","B000A7SPPU",12,5,6,12,61,5,1,4.09375,96,24,124
"624","B000A7UQES",2,6,7,18,115,5,1,4.60810810810811,148,30,116
"625","B000AAH4QI",12,1,6,3,18,5,1,3.35,40,8,11
"626","B000AF5B40",33,11,24,18,53,5,1,3.33812949640288,139,65,262
"627","B000AF8NUO",3,2,9,25,79,5,1,4.48305084745763,118,22,93
"628","B000AM2IK8",9,6,9,20,80,5,1,4.25806451612903,124,23,82
"629","B000AMAVAM",8,1,3,11,55,5,1,4.33333333333333,78,24,83
"630","B000AMC5XI",8,1,3,11,55,5,1,4.33333333333333,78,24,83
"631","B000AMCAVK",5,6,8,5,15,5,1,3.48717948717949,39,20,263
"632","B000AMWT3E",9,9,11,8,18,5,1,3.30909090909091,55,23,278
"633","B000AMX834",4,6,4,4,12,5,1,3.46666666666667,30,16,22
"634","B000APSPLG",22,12,13,22,68,5,1,3.74452554744526,137,48,228
"635","B000APUGTU",51,25,28,46,102,5,1,3.48809523809524,252,97,507
"636","B000AQEIPW",18,3,8,2,3,5,1,2.08823529411765,34,10,74
"637","B000AQFYV4",10,2,13,30,118,5,1,4.41040462427746,173,62,241
"638","B000AQLUB2",3,1,1,1,14,5,1,4.1,20,9,28
"639","B000AQLUCQ",38,23,36,86,188,5,1,3.97843665768194,371,140,836
"640","B000AQNQ4Q",13,8,9,41,185,5,1,4.47265625,256,61,311
"641","B000ARPJPY",55,27,45,61,168,5,1,3.73033707865169,356,64,493
"642","B000ARQJRG",12,2,10,8,46,5,1,3.94871794871795,78,34,194
"643","B000ARTMAW",18,13,29,44,99,5,1,3.95073891625616,203,70,310
"644","B000AS22P8",247,86,91,110,321,5,1,3.20116959064327,855,263,945
"645","B000AS3OVY",2,1,4,16,108,5,1,4.73282442748092,131,43,300
"646","B000AXQAIS",12,10,17,20,108,5,1,4.20958083832335,167,52,248
"647","B000AXW1WC",5,1,8,4,44,5,1,4.30645161290323,62,10,24
"648","B000AXZC78",5,2,1,5,20,5,1,4,33,29,181
"649","B000AY5R5O",44,25,51,107,290,5,1,4.11025145067698,517,207,1347
"650","B000AYHKUO",6,7,11,31,165,5,1,4.55454545454545,220,95,510
"651","B000B4ISPO",3,2,2,2,7,5,1,3.5,16,3,8
"652","B000B5KPG8",12,12,26,99,365,5,1,4.54280155642023,514,56,206
"653","B000B5MG2Y",12,12,26,99,365,5,1,4.54280155642023,514,56,206
"654","B000B6Q6BA",15,5,12,64,508,5,1,4.73013245033113,604,87,501
"655","B000B7K53O",2,2,2,5,25,5,1,4.36111111111111,36,9,31
"656","B000B7MPFU",9,5,17,23,93,5,1,4.26530612244898,147,48,133
"657","B000B864Z6",25,6,8,24,97,5,1,4.0125,160,50,393
"658","B000B8JCRI",10,4,9,11,24,5,1,3.60344827586207,58,24,618
"659","B000B8VYLA",25,6,16,12,50,5,1,3.51376146788991,109,40,352
"660","B000B9SH1O",68,16,20,20,98,5,1,3.28828828828829,222,52,212
"661","B000BANMUY",23,18,27,135,877,5,1,4.68981481481481,1080,545,3042
"662","B000BD5E02",10,6,8,12,24,5,1,3.56666666666667,60,18,52
"663","B000BDG7UI",28,16,21,78,368,5,1,4.45205479452055,511,163,1258
"664","B000BDH8RE",11,8,20,82,404,5,1,4.63809523809524,525,126,1198
"665","B000BMABZG",57,10,10,24,62,5,1,3.14723926380368,163,83,526
"666","B000BNKWZY",38,20,56,195,976,5,1,4.59610894941634,1285,98,741
"667","B000BNOCBY",15,9,11,10,41,5,1,3.61627906976744,86,17,91
"668","B000BNPRC2",1,5,4,5,44,5,1,4.45762711864407,59,11,30
"669","B000BO4GNM",1,2,9,23,249,5,1,4.82042253521127,284,37,82
"670","B000BO4HT0",14,7,14,19,38,5,1,3.65217391304348,92,48,279
"671","B000BO56Z4",12,2,6,12,108,5,1,4.44285714285714,140,14,18
"672","B000BO5CEE",1,1,11,30,156,5,1,4.7035175879397,199,12,33
"673","B000BO6DOM",7,6,12,20,43,5,1,3.97727272727273,88,26,140
"674","B000BO6QUI",2,4,2,3,29,5,1,4.325,40,9,33
"675","B000BO7EMM",4,2,7,19,42,5,1,4.25675675675676,74,30,57
"676","B000BO993O",50,25,52,49,196,5,1,3.8494623655914,372,59,241
"677","B000BO9DGM",3,7,9,21,127,5,1,4.5688622754491,167,10,31
"678","B000BO9HPE",2,1,1,1,3,5,1,3.25,8,1,3
"679","B000BOAC4O",7,6,12,20,43,5,1,3.97727272727273,88,26,140
"680","B000BOAG0O",4,2,8,54,358,5,1,4.78403755868545,426,70,212
"681","B000BOB5HC",1,1,4,9,66,5,1,4.7037037037037,81,8,14
"682","B000BOBWBG",36,14,16,54,428,5,1,4.5036496350365,548,58,348
"683","B000BOC7QK",14,10,16,68,640,5,1,4.75133689839572,748,176,308
"684","B000BP7M0U",2,4,9,4,15,5,1,3.76470588235294,34,1,1
"685","B000BP7XIQ",8,10,2,22,46,5,1,4,88,34,210
"686","B000BPAJT6",27,3,6,6,15,5,1,2.63157894736842,57,42,237
"687","B000BPARK2",3,2,1,23,124,5,1,4.71895424836601,153,22,49
"688","B000BPAVBW",24,7,6,15,52,5,1,3.61538461538462,104,44,188
"689","B000BPAVCG",358,230,338,682,2982,5,1,4.24183006535948,4590,822,4140
"690","B000BPAX5Q",18,9,12,19,91,5,1,4.04697986577181,149,57,235
"691","B000BPF77K",7,3,1,1,7,5,1,2.89473684210526,19,2,4
"692","B000BPFWDO",10,4,7,30,143,5,1,4.50515463917526,194,54,84
"693","B000BPG5BW",7,5,3,9,36,5,1,4.03333333333333,60,18,58
"694","B000BPG5NK",24,12,18,26,146,5,1,4.14159292035398,226,42,104
"695","B000BPR26O",9,5,6,13,55,5,1,4.13636363636364,88,22,53
"696","B000BQ7R68",31,11,15,19,32,5,1,3.09259259259259,108,23,114
"697","B000BQ7W86",9,5,26,77,156,5,1,4.34065934065934,273,39,185
"698","B000BQ7ZWE",10,4,1,21,71,5,1,4.29906542056075,107,27,149
"699","B000BQ81A4",10,8,19,46,110,5,1,4.23316062176166,193,53,261
"700","B000BQK5SU",12,1,3,3,16,5,1,3.28571428571429,35,18,80
"701","B000BQK666",6,2,2,8,78,5,1,4.5625,96,24,58
"702","B000BQL7GE",13,8,7,13,45,5,1,3.80232558139535,86,18,38
"703","B000BQM1I2",4,2,5,17,108,5,1,4.63970588235294,136,12,53
"704","B000BQM5DS",164,56,100,170,658,5,1,3.95993031358885,1148,568,5076
"705","B000BQN4T2",8,1,6,58,315,5,1,4.72938144329897,388,113,1208
"706","B000BQN7JE",8,10,12,42,148,5,1,4.41818181818182,220,58,274
"707","B000BQO15I",28,20,20,60,194,5,1,4.15527950310559,322,150,836
"708","B000BQOB3K",5,2,7,25,53,5,1,4.29347826086957,92,35,113
"709","B000BQPZLC",37,11,13,24,88,5,1,3.66473988439306,173,61,202
"710","B000BQQ2NM",66,29,48,85,169,5,1,3.65994962216625,397,72,470
"711","B000BQQMJQ",262,168,214,326,968,5,1,3.81011351909185,1938,366,2118
"712","B000BQQPTS",7,2,5,6,109,5,1,4.61240310077519,129,26,92
"713","B000BQQUNE",6,6,8,15,38,5,1,4,73,21,62
"714","B000BQR128",3,1,1,2,7,5,1,3.64285714285714,14,3,3
"715","B000BQRGQY",1,4,7,11,60,5,1,4.50602409638554,83,33,93
"716","B000BQRQ8C",92,30,54,74,488,5,1,4.13279132791328,738,214,1048
"717","B000BQS2I0",13,4,16,27,209,5,1,4.54275092936803,269,39,285
"718","B000BQSERE",8,1,10,37,199,5,1,4.63921568627451,255,32,150
"719","B000BQSG1S",4,3,2,4,44,5,1,4.42105263157895,57,5,6
"720","B000BQSGAY",71,35,37,42,121,5,1,3.34967320261438,306,78,241
"721","B000BQSUSW",21,12,27,54,275,5,1,4.41388174807198,389,75,478
"722","B000BQSWLW",90,40,39,58,157,5,1,3.39583333333333,384,96,398
"723","B000BQT5H2",2,4,2,7,38,5,1,4.41509433962264,53,8,14
"724","B000BQT5IG",352,84,116,224,1852,5,1,4.19482496194825,2628,884,3860
"725","B000BQT6XA",17,13,15,32,148,5,1,4.24888888888889,225,33,114
"726","B000BQU0LC",24,4,8,28,140,5,1,4.25490196078431,204,34,90
"727","B000BQU75Q",5,3,1,6,18,5,1,3.87878787878788,33,6,10
"728","B000BQUJSQ",6,2,2,30,128,5,1,4.61904761904762,168,28,56
"729","B000BQULJI",4,6,10,24,76,5,1,4.35,120,20,50
"730","B000BQURJC",28,8,12,30,114,5,1,4.01041666666667,192,68,122
"731","B000BQWKUQ",18,5,26,46,169,5,1,4.29924242424242,264,113,727
"732","B000BQWMVS",2,3,6,9,40,5,1,4.36666666666667,60,13,22
"733","B000BQWWJK",44,39,68,136,498,5,1,4.28025477707006,785,134,576
"734","B000BQY7XO",627,180,216,276,771,5,1,3.18550724637681,2070,582,2730
"735","B000BQYB0S",48,11,16,30,149,5,1,3.87007874015748,254,120,714
"736","B000BSDY0E",27,12,9,38,105,5,1,3.95287958115183,191,109,1105
"737","B000BT32UA",13,5,16,49,181,5,1,4.43939393939394,264,66,183
"738","B000BUTD9I",9,6,16,31,119,5,1,4.35359116022099,181,47,208
"739","B000BVKO0E",16,6,16,56,202,5,1,4.42567567567568,296,132,960
"740","B000BVORBG",1,1,3,4,7,5,1,3.9375,16,6,23
"741","B000BVP54E",11,4,12,9,28,5,1,3.609375,64,25,78
"742","B000BVPY3Q",3,1,5,9,59,5,1,4.55844155844156,77,16,38
"743","B000BVS082",4,2,3,1,7,5,1,3.29411764705882,17,8,23
"744","B000BW3ELO",13,11,27,66,401,5,1,4.6042471042471,518,45,134
"745","B000BWFTJE",21,10,18,26,70,5,1,3.78620689655172,145,46,277
"746","B000BWY3AA",52,12,44,126,724,5,1,4.52192066805846,958,278,1512
"747","B000BWY3OQ",14,11,19,58,285,5,1,4.52196382428941,387,221,1196
"748","B000BWY65C",48,30,46,110,246,5,1,3.99166666666667,480,183,652
"749","B000BWY6K2",106,58,86,134,356,5,1,3.77837837837838,740,248,1390
"750","B000BWZ83Q",8,4,9,2,20,5,1,3.51162790697674,43,9,45
"751","B000BX1IB6",29,12,12,82,507,5,1,4.5981308411215,642,101,552
"752","B000BX1KWI",67,43,91,105,494,5,1,4.145,800,57,492
"753","B000BX4QW4",13,7,14,26,73,5,1,4.04511278195489,133,33,156
"754","B000BX4R8W",24,22,36,62,96,5,1,3.76666666666667,240,75,712
"755","B000BX4REQ",6,3,1,6,38,5,1,4.24074074074074,54,8,29
"756","B000BX4S5Y",31,23,25,32,44,5,1,3.2258064516129,155,37,197
"757","B000BX4SRW",65,47,55,87,263,5,1,3.84332688588008,517,204,848
"758","B000BX4STK",48,30,46,110,246,5,1,3.99166666666667,480,183,652
"759","B000BX4VXI",42,27,34,119,783,5,1,4.56616915422886,1005,206,1026
"760","B000BXKZTW",2,2,2,10,36,5,1,4.46153846153846,52,2,2
"761","B000BXMF5Y",6,9,5,14,60,5,1,4.20212765957447,94,24,93
"762","B000BXMF7C",8,4,16,28,148,5,1,4.49019607843137,204,76,188
"763","B000BYM19I",2,1,4,14,69,5,1,4.63333333333333,90,31,129
"764","B000BYQ018",10,4,4,12,45,5,1,4.04,75,8,39
"765","B000BZ6KGM",1,2,2,7,10,5,1,4.04545454545455,22,11,52
"766","B000BZ8H0Y",2,4,6,20,22,5,1,4.03703703703704,54,32,140
"767","B000BZ8K56",2,4,9,6,41,5,1,4.29032258064516,62,34,87
"768","B000BZYBYU",126,51,44,61,178,5,1,3.24782608695652,460,83,299
"769","B000C171UO",3,2,4,3,3,5,1,3.06666666666667,15,7,48
"770","B000C4IZN8",71,49,35,59,278,5,1,3.86178861788618,492,82,524
"771","B000CCEV9M",14,6,11,6,26,5,1,3.38095238095238,63,20,79
"772","B000CCOSL8",29,16,21,39,184,5,1,4.1522491349481,289,74,230
"773","B000CFLFPM",16,12,12,14,139,5,1,4.28497409326425,193,41,206
"774","B000CFLFQ6",3,4,1,8,91,5,1,4.68224299065421,107,70,135
"775","B000CFME2A",6,2,13,53,356,5,1,4.74651162790698,430,55,71
"776","B000CFNV3Q",18,6,6,24,140,5,1,4.35051546391753,194,44,224
"777","B000CFOUEU",140,78,144,291,783,5,1,4.04387186629526,1436,409,2570
"778","B000CFOW3O",140,78,144,291,783,5,1,4.04387186629526,1436,409,2570
"779","B000CFPXPU",16,12,12,14,139,5,1,4.28497409326425,193,41,206
"780","B000CFPXSW",4,4,2,30,56,5,1,4.35416666666667,96,4,6
"781","B000CFPZSU",16,10,10,32,136,5,1,4.2843137254902,204,38,90
"782","B000CIQ47S",8,4,16,74,457,5,1,4.73166368515206,559,29,55
"783","B000CLYXAK",24,16,12,24,125,5,1,4.04477611940298,201,41,271
"784","B000CNIL5Q",44,19,29,37,246,5,1,4.12533333333333,375,63,312
"785","B000CQBMN6",7,4,5,11,40,5,1,4.08955223880597,67,25,70
"786","B000CSH7VA",37,46,51,114,797,5,1,4.51961722488038,1045,174,1386
"787","B000CSR9KO",22,6,8,10,26,5,1,3.16666666666667,72,22,54
"788","B000CSXHI2",2,4,7,6,23,5,1,4.04761904761905,42,17,49
"789","B000CSXJSA",1,1,4,6,6,5,1,3.83333333333333,18,6,16
"790","B000CSYKQA",6,6,10,21,78,5,1,4.31404958677686,121,44,120
"791","B000CZ2XRG",73,26,26,56,154,5,1,3.57313432835821,335,82,463
"792","B000CZ2XRQ",73,26,26,56,154,5,1,3.57313432835821,335,82,463
"793","B000CZ2Y9S",22,28,33,72,212,5,1,4.15531335149864,367,69,314
"794","B000CZ2Z74",6,2,2,19,116,5,1,4.63448275862069,145,34,181
"795","B000DCN8LS",10,1,2,10,54,5,1,4.25974025974026,77,10,24
"796","B000DCN9F8",8,3,7,18,87,5,1,4.40650406504065,123,29,92
"797","B000DCN9PS",5,1,2,4,13,5,1,3.76,25,12,35
"798","B000DZD3MO",1,1,12,23,71,5,1,4.5,108,39,175
"799","B000DZHBH2",1,1,1,2,3,5,1,3.625,8,5,10
"800","B000DZHDPW",1,1,3,2,11,5,1,4.16666666666667,18,2,6
"801","B000DZHF14",4,8,14,28,94,5,1,4.35135135135135,148,20,57
"802","B000DZKZLQ",12,9,7,14,47,5,1,3.84269662921348,89,18,50
"803","B000DZXGLW",7,7,4,39,183,5,1,4.6,240,24,41
"804","B000E0DTUY",58,27,54,96,706,5,1,4.45058448459086,941,99,308
"805","B000E157X0",13,7,31,51,95,5,1,4.05583756345178,197,63,266
"806","B000E17BIO",136,72,115,240,712,5,1,4.03529411764706,1275,355,2053
"807","B000E1AK50",12,52,44,124,360,5,1,4.2972972972973,592,120,348
"808","B000E1EHOK",10,9,12,14,54,5,1,3.93939393939394,99,43,124
"809","B000E1RIUU",1024,340,366,502,2554,5,1,3.67321353949018,4786,1370,12086
"810","B000E1VZHC",8,2,13,17,125,5,1,4.50909090909091,165,85,238
"811","B000E23WKY",1,2,12,27,46,5,1,4.30681818181818,88,52,168
"812","B000E28UNS",2,5,4,15,109,5,1,4.65925925925926,135,20,97
"813","B000E28UQU",279,101,222,726,2985,5,1,4.39972177138882,4313,483,3218
"814","B000E2AYXW",1,3,5,6,50,5,1,4.55384615384615,65,10,24
"815","B000E2D3E4",10,7,11,56,240,5,1,4.57098765432099,324,80,390
"816","B000E2EZ82",8,10,26,38,276,5,1,4.57541899441341,358,100,348
"817","B000E2EZ96",7,4,18,43,236,5,1,4.61363636363636,308,53,227
"818","B000E3B8XG",13,7,17,50,232,5,1,4.50783699059561,319,85,371
"819","B000E3DDP2",23,22,38,143,624,5,1,4.55647058823529,850,198,1648
"820","B000E3XNC0",16,8,11,16,29,5,1,3.425,80,60,1236
"821","B000E3Z0EY",9,6,3,21,66,5,1,4.22857142857143,105,13,23
"822","B000E43EA0",9,4,9,11,20,5,1,3.54716981132075,53,39,614
"823","B000E58GD4",5,7,14,36,88,5,1,4.3,150,23,86
"824","B000E5R4AA",8,6,14,18,32,5,1,3.76923076923077,78,20,46
"825","B000E5T71O",6,6,2,34,76,5,1,4.35483870967742,124,26,140
"826","B000E7MTUI",53,32,62,91,385,5,1,4.16051364365971,623,89,577
"827","B000E7OYMY",21,16,23,30,99,5,1,3.8994708994709,189,42,187
"828","B000E7OYNI",47,20,35,42,171,5,1,3.85714285714286,315,124,818
"829","B000E7OYVA",3,2,2,3,54,5,1,4.609375,64,17,49
"830","B000E7SU3I",39,23,40,80,360,5,1,4.28966789667897,542,136,707
"831","B000E7YYDS",33,25,28,46,298,5,1,4.28139534883721,430,133,909
"832","B000E7ZT32",20,13,15,29,98,5,1,3.98285714285714,175,36,229
"833","B000E8USPU",4,3,6,4,30,5,1,4.12765957446809,47,21,150
"834","B000E9J2BK",1,1,3,6,11,5,1,4.13636363636364,22,12,44
"835","B000EDQR8C",2,5,6,14,16,5,1,3.86046511627907,43,10,26
"836","B000EDTSI8",28,6,6,42,131,5,1,4.13615023474178,213,47,244
"837","B000EEQ9L6",176,58,54,120,446,5,1,3.70491803278689,854,142,806
"838","B000EEU49E",26,17,15,44,115,5,1,3.94470046082949,217,32,95
"839","B000EEW4NI",142,53,50,104,410,5,1,3.7733860342556,759,96,394
"840","B000EFBCS0",29,19,18,27,86,5,1,3.68156424581006,179,58,171
"841","B000EFFS4Y",98,20,30,136,622,5,1,4.28476821192053,906,348,2236
"842","B000EFFS5I",150,144,225,483,1104,5,1,4.06695156695157,2106,501,4035
"843","B000EHUOZK",20,5,7,15,24,5,1,3.25352112676056,71,55,473
"844","B000EHYQC2",30,16,16,31,103,5,1,3.82142857142857,196,101,847
"845","B000EM79W6",87,16,6,14,24,5,1,2.12925170068027,147,37,257
"846","B000EPS22Y",11,5,8,24,61,5,1,4.09174311926605,109,25,130
"847","B000EPY6QU",11,4,8,13,36,5,1,3.81944444444444,72,35,149
"848","B000EQ04SS",11,4,8,13,36,5,1,3.81944444444444,72,35,149
"849","B000ERETII",77,39,44,94,331,5,1,3.96239316239316,585,174,751
"850","B000ESOU18",91,23,44,159,988,5,1,4.47892720306513,1305,208,922
"851","B000ET408K",35,19,18,15,22,5,1,2.72477064220183,109,43,204
"852","B000ETMB5Y",88,52,79,104,183,5,1,3.47826086956522,506,130,1201
"853","B000ETT0DA",2,1,7,31,132,5,1,4.67630057803468,173,27,79
"854","B000EUCNP6",6,7,29,42,375,5,1,4.68409586056645,459,121,783
"855","B000EUFCO0",18,19,10,57,271,5,1,4.45066666666667,375,69,217
"856","B000EUJNZO",18,19,10,57,271,5,1,4.45066666666667,375,69,217
"857","B000EUMYMS",12,2,4,4,30,5,1,3.73076923076923,52,16,52
"858","B000EUR7MU",2,1,1,3,3,5,1,3.4,10,5,19
"859","B000EUTBL0",3,5,2,6,33,5,1,4.24489795918367,49,16,107
"860","B000EVLXZG",2,1,1,13,68,5,1,4.69411764705882,85,25,107
"861","B000EVNZLQ",5,2,4,11,83,5,1,4.57142857142857,105,41,112
"862","B000EVNZT8",16,5,8,20,101,5,1,4.23333333333333,150,40,123
"863","B000EVOM5Y",8,2,2,8,65,5,1,4.41176470588235,85,36,57
"864","B000EVSGRE",4,2,3,17,141,5,1,4.73053892215569,167,34,142
"865","B000EVSKSO",4,3,2,15,60,5,1,4.47619047619048,84,23,68
"866","B000EW6EGI",80,68,140,206,792,5,1,4.21461897356143,1286,136,988
"867","B000EXWL4G",2,2,4,9,27,5,1,4.29545454545455,44,18,71
"868","B000EY39QY",22,8,9,34,230,5,1,4.45874587458746,303,88,409
"869","B000F1ONIO",1,3,4,5,16,5,1,4.10344827586207,29,7,26
"870","B000F26SNG",170,54,114,142,414,5,1,3.64429530201342,894,96,1214
"871","B000F5MUS0",1,2,3,5,15,5,1,4.19230769230769,26,13,102
"872","B000F62MN2",364,126,164,326,1616,5,1,4.04160246533128,2596,452,1900
"873","B000F62ZAC",6,1,6,15,68,5,1,4.4375,96,15,40
"874","B000F6BYWM",216,94,130,202,1518,5,1,4.25555555555556,2160,446,2618
"875","B000F6XGYG",9,9,15,37,134,5,1,4.36274509803922,204,57,307
"876","B000F6XGZ0",28,6,10,9,54,5,1,3.51401869158878,107,44,277
"877","B000FBKUOK",27,15,22,26,179,5,1,4.17100371747212,269,60,284
"878","B000FBKUTA",140,78,144,291,783,5,1,4.04387186629526,1436,409,2570
"879","B000FBMAVQ",91,45,74,142,425,5,1,3.98455598455598,777,259,2025
"880","B000FBOOQK",4,10,18,41,129,5,1,4.39108910891089,202,50,306
"881","B000FDKXN6",4,6,7,18,80,5,1,4.42608695652174,115,91,749
"882","B000FG8B5K",12,7,8,11,47,5,1,3.87058823529412,85,17,60
"883","B000FH89EM",8,7,4,21,68,5,1,4.24074074074074,108,42,436
"884","B000FIY9MC",33,9,18,50,175,5,1,4.14035087719298,285,136,951
"885","B000FIZ4GM",1,1,2,7,50,5,1,4.70491803278689,61,12,34
"886","B000FJDG70",28,16,25,65,140,5,1,3.9963503649635,274,73,502
"887","B000FJF8OE",29,28,46,148,548,5,1,4.44931163954944,799,271,1667
"888","B000FJF8P8",74,37,55,160,379,5,1,4.03971631205674,705,168,1228
"889","B000FJG4R4",13,19,39,47,176,5,1,4.20408163265306,294,89,496
"890","B000FJIPQM",5,3,15,26,79,5,1,4.3359375,128,48,171
"891","B000FJOUVG",3,3,5,11,65,5,1,4.51724137931035,87,9,15
"892","B000FJQLTA",5,7,10,46,119,5,1,4.42780748663102,187,41,217
"893","B000FJRVA8",3,1,1,5,16,5,1,4.15384615384615,26,11,79
"894","B000FJS1AC",4,5,2,10,15,5,1,3.75,36,7,12
"895","B000FJS1HA",13,4,4,30,145,5,1,4.47959183673469,196,25,70
"896","B000FJTXRC",59,39,50,93,622,5,1,4.36732329084589,863,185,1032
"897","B000FJU4WK",1,2,5,23,44,5,1,4.42666666666667,75,10,12
"898","B000FJU56K",7,4,9,15,60,5,1,4.23157894736842,95,18,64
"899","B000FJVKNM",15,8,20,27,76,5,1,3.96575342465753,146,34,90
"900","B000FJVRAS",27,23,32,54,224,5,1,4.18055555555556,360,31,172
"901","B000FJX4IQ",44,10,6,14,46,5,1,3.06666666666667,120,55,211
"902","B000FJX67U",10,10,10,38,129,5,1,4.3502538071066,197,69,212
"903","B000FJYR5K",42,14,10,37,143,5,1,3.91463414634146,246,51,138
"904","B000FJYRPK",16,3,8,4,21,5,1,3.21153846153846,52,22,40
"905","B000FJYSHW",56,34,43,104,465,5,1,4.26495726495726,702,125,899
"906","B000FJYT4E",6,2,3,19,92,5,1,4.54918032786885,122,12,25
"907","B000FJZ150",74,33,17,55,211,5,1,3.75897435897436,390,195,1690
"908","B000FJZ16Y",3,2,18,48,275,5,1,4.70520231213873,346,30,129
"909","B000FJZ1BO",10,10,12,47,253,5,1,4.57530120481928,332,16,81
"910","B000FJZ1C8",6,3,12,8,67,5,1,4.32291666666667,96,17,63
"911","B000FJZYR0",4,1,5,6,32,5,1,4.27083333333333,48,10,12
"912","B000FK008W",8,5,6,20,79,5,1,4.33050847457627,118,19,48
"913","B000FK00Z0",2,3,3,2,21,5,1,4.19354838709677,31,12,52
"914","B000FK02DK",6,1,3,10,22,5,1,3.97619047619048,42,12,36
"915","B000FK03E8",18,14,28,32,86,5,1,3.86516853932584,178,50,290
"916","B000FK03FW",6,2,10,14,82,5,1,4.43859649122807,114,33,105
"917","B000FK09EW",20,19,11,27,63,5,1,3.67142857142857,140,83,446
"918","B000FK09HO",3,2,18,48,275,5,1,4.70520231213873,346,30,129
"919","B000FK09KG",1,2,9,23,249,5,1,4.82042253521127,284,37,82
"920","B000FK09L0",1,2,9,23,249,5,1,4.82042253521127,284,37,82
"921","B000FK258K",3,1,12,15,108,5,1,4.61151079136691,139,12,37
"922","B000FK2DO6",3,2,18,48,275,5,1,4.70520231213873,346,30,129
"923","B000FK2DOG",2,3,2,34,160,5,1,4.72636815920398,201,17,39
"924","B000FK2DP0",3,2,18,48,275,5,1,4.70520231213873,346,30,129
"925","B000FK2DPA",3,2,18,48,275,5,1,4.70520231213873,346,30,129
"926","B000FK2DR8",1,2,9,23,249,5,1,4.82042253521127,284,37,82
"927","B000FK2DS2",1,2,9,23,249,5,1,4.82042253521127,284,37,82
"928","B000FK2DTQ",1,2,9,23,249,5,1,4.82042253521127,284,37,82
"929","B000FK2DU0",1,2,9,23,249,5,1,4.82042253521127,284,37,82
"930","B000FKF6HM",33,19,26,103,278,5,1,4.25054466230937,459,113,645
"931","B000FL1KBC",48,23,33,67,267,5,1,4.10045662100457,438,152,873
"932","B000FLCUAW",8,8,24,60,92,5,1,4.14583333333333,192,18,32
"933","B000FLGFZS",24,10,15,20,39,5,1,3.37037037037037,108,47,261
"934","B000FLGG4I",22,8,12,30,69,5,1,3.82269503546099,141,14,61
"935","B000FLTO5Q",1,2,5,19,90,5,1,4.66666666666667,117,58,416
"936","B000FLTO6A",10,4,11,38,149,5,1,4.47169811320755,212,102,1499
"937","B000FLVNQY",1,1,1,3,54,5,1,4.8,60,24,81
"938","B000FNAHCI",91,23,44,159,988,5,1,4.47892720306513,1305,208,922
"939","B000FNK87C",12,4,26,22,158,5,1,4.3963963963964,222,54,166
"940","B000FNQ5R4",2,1,4,7,31,5,1,4.42222222222222,45,21,137
"941","B000FO6HAS",33,14,14,19,22,5,1,2.83333333333333,102,67,1129
"942","B000FOKXBW",29,12,28,62,156,5,1,4.05923344947735,287,155,675
"943","B000FOMRUC",6,4,12,34,40,5,1,4.02083333333333,96,36,130
"944","B000FPVNBA",8,4,7,25,81,5,1,4.336,125,20,71
"945","B000FPWVLG",12,6,4,21,60,5,1,4.07766990291262,103,17,60
"946","B000FPWVLQ",8,3,1,11,64,5,1,4.37931034482759,87,12,45
"947","B000FPWVMA",4,12,14,48,130,5,1,4.38461538461539,208,58,212
"948","B000FPYZ6K",12,2,8,29,121,5,1,4.42441860465116,172,25,142
"949","B000FQ0RNE",20,14,21,43,213,5,1,4.33440514469453,311,28,109
"950","B000FQ0RNY",9,3,5,5,27,5,1,3.77551020408163,49,9,49
"951","B000FSZF5M",29,14,13,20,57,5,1,3.46616541353383,133,24,201
"952","B000FTNBLQ",50,18,64,104,584,5,1,4.40731707317073,820,188,1082
"953","B000FTUTL6",7,1,7,13,71,5,1,4.41414141414141,99,17,98
"954","B000FVY3PM",7,6,14,60,595,5,1,4.80351906158358,682,153,607
"955","B000G1MFKG",2,1,4,6,32,5,1,4.44444444444444,45,17,266
"956","B000G2R1IG",44,38,38,67,357,5,1,4.20404411764706,544,34,207
"957","B000G2R1W2",51,27,41,67,351,5,1,4.19180633147114,537,45,111
"958","B000G2TNO6",22,18,24,55,187,5,1,4.19934640522876,306,21,126
"959","B000GB8JQ0",5,2,4,35,183,5,1,4.69868995633188,229,68,358
"960","B000GBLPKM",1,2,4,4,7,5,1,3.77777777777778,18,11,48
"961","B000GD3L3Y",9,3,2,2,11,5,1,3.11111111111111,27,9,11
"962","B000GD54H0",91,37,36,72,168,5,1,3.46782178217822,404,66,410
"963","B000GD8M2E",169,124,232,466,1454,5,1,4.19100204498977,2445,253,1829
"964","B000GDANQM",10,5,6,21,105,5,1,4.40136054421769,147,22,78
"965","B000GE4204",35,27,36,67,386,5,1,4.34664246823956,551,146,730
"966","B000GE52S0",2,1,2,12,47,5,1,4.578125,64,24,101
"967","B000GE5PVY",35,27,36,67,386,5,1,4.34664246823956,551,146,730
"968","B000GE7A6M",35,27,36,67,386,5,1,4.34664246823956,551,146,730
"969","B000GE9YKM",3,6,7,16,47,5,1,4.24050632911392,79,16,40
"970","B000GFP1TO",9,5,7,13,65,5,1,4.21212121212121,99,26,101
"971","B000GFQ61G",4,3,9,49,262,5,1,4.71865443425076,327,87,307
"972","B000GG150W",6,3,2,2,22,5,1,3.88571428571429,35,12,118
"973","B000GGMIQC",109,57,58,117,427,5,1,3.90625,768,179,1123
"974","B000GGTYIW",12,10,10,16,82,5,1,4.12307692307692,130,106,1278
"975","B000GIO9JE",5,2,12,18,112,5,1,4.54362416107383,149,26,49
"976","B000GKXU60",3,3,6,9,63,5,1,4.5,84,33,119
"977","B000GPRLP6",4,1,6,4,34,5,1,4.28571428571429,49,20,76
"978","B000GRKW1E",91,37,36,72,168,5,1,3.46782178217822,404,66,410
"979","B000GRKW82",6,4,6,32,194,5,1,4.66942148760331,242,66,302
"980","B000GRNOTQ",108,38,32,76,170,5,1,3.38207547169811,424,144,712
"981","B000GTN13S",19,5,9,7,25,5,1,3.21538461538462,65,21,83
"982","B000GTZQ9K",4,4,10,25,84,5,1,4.4251968503937,127,21,112
"983","B000GURAD4",8,11,1,16,26,5,1,3.66129032258065,62,41,236
"984","B000GWLZKQ",6,3,6,12,44,5,1,4.19718309859155,71,35,114
"985","B000GXQMEE",31,11,23,49,254,5,1,4.31521739130435,368,110,587
"986","B000GXUKGA",22,14,20,56,166,5,1,4.18705035971223,278,121,793
"987","B000GZR3T0",1,3,2,8,21,5,1,4.28571428571429,35,7,20
"988","B000H0E874",11,5,10,21,88,5,1,4.25925925925926,135,24,64
"989","B000H0G8MC",4,2,5,16,46,5,1,4.34246575342466,73,33,72
"990","B000H1PGMO",15,8,20,27,76,5,1,3.96575342465753,146,34,90
"991","B000H1U1SS",7,4,7,21,175,5,1,4.64953271028037,214,37,169
"992","B000H1UAU2",9,2,4,7,39,5,1,4.0655737704918,61,39,365
"993","B000H1Y31O",189,26,25,48,66,5,1,2.36723163841808,354,203,1347
"994","B000H1Y3BY",189,26,25,48,66,5,1,2.36723163841808,354,203,1347
"995","B000H25P42",37,10,21,62,409,5,1,4.47680890538033,539,75,436
"996","B000H3UDM0",8,5,9,10,16,5,1,3.4375,48,5,13
"997","B000H5R722",18,10,31,90,623,5,1,4.67098445595855,772,60,362
"998","B000H5RTAM",33,10,9,24,93,5,1,3.79289940828402,169,64,256
"999","B000H5SD5C",205,78,91,196,680,5,1,3.8544,1250,389,1985
"1000","B000H5WR8Q",10,3,3,18,45,5,1,4.07594936708861,79,36,98
"1001","B000H6VDSA",2,1,2,9,27,5,1,4.41463414634146,41,5,10
"1002","B000H82E2C",4,2,6,18,92,5,1,4.57377049180328,122,34,78
"1003","B000H85WSA",5,2,15,30,183,5,1,4.63404255319149,235,42,208
"1004","B000H98TC0",80,16,41,72,320,5,1,4.01323251417769,529,106,586
"1005","B000H9AE0U",12,12,18,46,284,5,1,4.55376344086022,372,94,376
"1006","B000H9AHO8",1,2,3,2,5,5,1,3.61538461538462,13,5,9
"1007","B000HA7LQO",21,6,13,14,45,5,1,3.56565656565657,99,27,85
"1008","B000HACFSI",9,5,21,62,255,5,1,4.55965909090909,352,86,483
"1009","B000HACGD2",1,2,3,10,46,5,1,4.58064516129032,62,20,72
"1010","B000HASBF4",2,2,14,10,34,5,1,4.16129032258065,62,16,28
"1011","B000HATWHK",121,85,89,116,279,5,1,3.50289855072464,690,141,1021
"1012","B000HAU4P4",66,30,36,78,212,5,1,3.80568720379147,422,104,472
"1013","B000HCJFA2",1,1,5,7,23,5,1,4.35135135135135,37,10,28
"1014","B000HCKVGE",364,126,163,326,1616,5,1,4.04200385356455,2595,452,1900
"1015","B000HCLLMM",619,472,490,1086,6137,5,1,4.32326215356656,8804,619,4024
"1016","B000HCLLNG",6,2,12,13,64,5,1,4.30927835051546,97,9,40
"1017","B000HCMNAQ",52,18,42,50,258,5,1,4.05714285714286,420,136,630
"1018","B000HCNEUY",47,26,41,73,363,5,1,4.23454545454545,550,114,518
"1019","B000HCNEW2",60,51,72,174,647,5,1,4.29183266932271,1004,109,425
"1020","B000HCNEWM",619,472,490,1086,6137,5,1,4.32326215356656,8804,619,4024
"1021","B000HCNEX6",16,9,14,67,418,5,1,4.64503816793893,524,38,150
"1022","B000HCR89M",16,19,18,98,608,5,1,4.66403162055336,759,64,400
"1023","B000HCR89W",619,472,490,1086,6137,5,1,4.32326215356656,8804,619,4024
"1024","B000HCR8AG",5,5,9,26,122,5,1,4.52694610778443,167,13,35
"1025","B000HCR8DS",9,8,17,50,270,5,1,4.59322033898305,354,44,137
"1026","B000HCSMOW",276,168,272,508,1452,5,1,4.00597907324365,2676,354,2402
"1027","B000HCUF0Q",276,168,272,508,1452,5,1,4.00597907324365,2676,354,2402
"1028","B000HCUJMU",2,3,1,6,21,5,1,4.24242424242424,33,19,50
"1029","B000HE33QC",1,3,1,7,23,5,1,4.37142857142857,35,14,20
"1030","B000HE6D8W",3,1,5,30,116,5,1,4.64516129032258,155,27,137
"1031","B000HE9YZG",4,1,3,5,25,5,1,4.21052631578947,38,6,10
"1032","B000HG966G",26,22,41,41,75,5,1,3.57073170731707,205,34,97
"1033","B000HHHD7E",14,15,29,26,88,5,1,3.92441860465116,172,62,217
"1034","B000HHJDQI",2,1,1,1,18,5,1,4.39130434782609,23,15,24
"1035","B000HHJETY",16,20,46,96,272,5,1,4.30666666666667,450,116,534
"1036","B000HHJGII",32,12,30,38,70,5,1,3.56043956043956,182,28,122
"1037","B000HHJJE4",62,47,67,135,378,5,1,4.04499274310595,689,173,2136
"1038","B000HHJM46",30,6,14,26,76,5,1,3.73684210526316,152,76,296
"1039","B000HHLIXY",26,4,4,22,188,5,1,4.4016393442623,244,86,456
"1040","B000HHLIZC",66,36,24,54,246,5,1,3.88732394366197,426,98,326
"1041","B000HHLQCW",12,6,11,15,34,5,1,3.67948717948718,78,32,186
"1042","B000HHLQVI",8,10,23,48,136,5,1,4.30666666666667,225,58,267
"1043","B000HHLT9W",1,4,3,2,9,5,1,3.73684210526316,19,10,10
"1044","B000HHLW30",48,38,66,163,362,5,1,4.1122599704579,677,68,524
"1045","B000HHM0TU",2,3,1,1,8,5,1,3.66666666666667,15,12,34
"1046","B000HHM0UY",4,2,6,18,158,5,1,4.72340425531915,188,52,114
"1047","B000HHM0W2",8,2,4,6,34,5,1,4.03703703703704,54,18,42
"1048","B000HHM11C",2,1,6,19,91,5,1,4.64705882352941,119,43,251
"1049","B000HHM9U0",14,12,8,10,60,5,1,3.86538461538462,104,62,214
"1050","B000HHMCBQ",12,4,14,21,83,5,1,4.1865671641791,134,42,222
"1051","B000HHMIV0",4,4,12,16,54,5,1,4.24444444444444,90,31,120
"1052","B000HHO110",100,42,66,80,234,5,1,3.58620689655172,522,204,762
"1053","B000HHO1RO",65,63,113,188,494,5,1,4.06500541711809,923,330,2661
"1054","B000HHO3DQ",20,10,4,24,48,5,1,3.66037735849057,106,22,116
"1055","B000HHO3ZY",19,9,17,27,83,5,1,3.94193548387097,155,22,100
"1056","B000HHO6QU",6,3,5,10,58,5,1,4.35365853658537,82,16,26
"1057","B000HHO8IG",15,3,1,5,27,5,1,3.50980392156863,51,20,71
"1058","B000HHOALG",166,60,92,252,828,5,1,4.08440629470672,1398,376,2664
"1059","B000HHOKUM",6,14,28,46,258,5,1,4.52272727272727,352,86,326
"1060","B000HHQ1UE",4,1,1,1,3,5,1,2.8,10,9,76
"1061","B000HHQ5X2",9,3,22,54,371,5,1,4.68845315904139,459,90,831
"1062","B000HHQ8N4",12,12,20,44,124,5,1,4.20754716981132,212,36,104
"1063","B000HHQ96A",7,3,3,16,59,5,1,4.32954545454545,88,14,54
"1064","B000HHQ9KQ",5,4,1,2,3,5,1,2.6,15,2,16
"1065","B000HHQBKO",16,7,22,69,157,5,1,4.26937269372694,271,100,2102
"1066","B000HHQC9E",7,21,26,43,195,5,1,4.36301369863014,292,63,366
"1067","B000HHQG0E",7,1,4,4,21,5,1,3.83783783783784,37,13,38
"1068","B000HHQNBG",5,12,17,22,114,5,1,4.34117647058823,170,77,533
"1069","B000HHS7EW",20,20,14,40,164,5,1,4.1937984496124,258,72,256
"1070","B000HHS7YC",27,22,28,40,127,5,1,3.89344262295082,244,77,352
"1071","B000HHSAR6",4,2,6,11,128,5,1,4.70198675496689,151,27,116
"1072","B000HHSCXS",24,11,9,14,42,5,1,3.39,100,33,128
"1073","B000HHSD4G",66,30,36,78,212,5,1,3.80568720379147,422,104,472
"1074","B000HHSD5U",2,2,9,8,29,5,1,4.2,50,21,118
"1075","B000HHSDI2",3,1,3,19,82,5,1,4.62962962962963,108,43,176
"1076","B000HHSDZA",4,4,12,16,54,5,1,4.24444444444444,90,31,120
"1077","B000HHSMQU",18,8,8,6,52,5,1,3.71739130434783,92,32,72
"1078","B000HI3E30",3,1,1,2,27,5,1,4.44117647058824,34,17,92
"1079","B000HI9L78",31,26,33,48,236,5,1,4.15508021390374,374,63,426
"1080","B000HJ73PO",32,10,25,35,116,5,1,3.88532110091743,218,60,203
"1081","B000HJ7AIY",376,126,120,266,920,5,1,3.67920353982301,1808,264,1618
"1082","B000HJ7D0E",6,4,8,9,32,5,1,3.96610169491525,59,25,66
"1083","B000HJ9FZU",32,14,23,33,77,5,1,3.60893854748603,179,92,452
"1084","B000HJBG20",14,5,14,15,51,5,1,3.84848484848485,99,21,73
"1085","B000HJBKFS",12,9,10,37,64,5,1,4,132,30,180
"1086","B000HJBKMQ",642,324,430,898,7596,5,1,4.46430738119312,9890,1880,15604
"1087","B000HKK0R6",1,2,1,17,86,5,1,4.72897196261682,107,14,53
"1088","B000HM5RPO",4,1,4,4,26,5,1,4.20512820512821,39,5,11
"1089","B000HM69SS",6,7,12,18,88,5,1,4.33587786259542,131,20,31
"1090","B000HMA7OK",344,188,268,748,3148,5,1,4.31345826235094,4696,1204,14448
"1091","B000HMCGHQ",12,4,16,32,77,5,1,4.12056737588652,141,44,146
"1092","B000HQ4HVK",35,27,36,67,386,5,1,4.34664246823956,551,146,730
"1093","B000HQOGLQ",7,7,20,35,156,5,1,4.44888888888889,225,73,287
"1094","B000HRWGBW",9,11,19,28,47,5,1,3.81578947368421,114,36,156
"1095","B000HRWGPS",2,1,8,8,32,5,1,4.31372549019608,51,20,188
"1096","B000HS0HKI",1,2,3,16,144,5,1,4.80722891566265,166,27,57
"1097","B000HS2L3O",2,2,6,42,295,5,1,4.80403458213256,347,87,906
"1098","B000HSZH0S",94,18,20,20,28,5,1,2.27777777777778,180,86,300
"1099","B000HUADEQ",18,11,12,44,95,5,1,4.03888888888889,180,59,280
"1100","B000HVEBU2",1,1,2,2,4,5,1,3.7,10,6,49
"1101","B000HVGDHQ",6,4,11,14,45,5,1,4.1,80,43,355
"1102","B000HX2DGE",6,6,15,36,60,5,1,4.1219512195122,123,72,729
"1103","B000HZRF92",10,4,18,50,227,5,1,4.55339805825243,309,52,167
"1104","B000HZUUZI",21,8,12,28,92,5,1,4.00621118012422,161,63,172
"1105","B000I16K32",10,4,10,46,158,5,1,4.48245614035088,228,38,120
"1106","B000I1AXKI",5,1,6,9,23,5,1,4,44,40,148
"1107","B000I1M7V6",6,3,2,3,26,5,1,4,40,10,41
"1108","B000I1MASG",6,1,3,10,89,5,1,4.60550458715596,109,33,121
"1109","B000I1MBCG",4,2,7,19,21,5,1,3.9622641509434,53,15,147
"1110","B000I1MBDA",8,6,21,46,102,5,1,4.24590163934426,183,30,188
"1111","B000I1O7QO",7,4,11,25,152,5,1,4.56281407035176,199,73,252
"1112","B000I1PJL6",10,10,19,28,52,5,1,3.85714285714286,119,28,100
"1113","B000I1POM0",18,6,16,12,78,5,1,3.96923076923077,130,48,142
"1114","B000I1R41Y",35,22,34,104,318,5,1,4.26315789473684,513,47,448
"1115","B000I1RM20",27,14,16,29,119,5,1,3.97073170731707,205,54,210
"1116","B000I1RQZ8",7,1,6,7,56,5,1,4.35064935064935,77,23,431
"1117","B000I1USBC",17,4,9,11,32,5,1,3.50684931506849,73,19,84
"1118","B000I1UYXO",17,19,32,82,425,5,1,4.52869565217391,575,92,663
"1119","B000I1WPF4",2,2,3,8,9,5,1,3.83333333333333,24,7,73
"1120","B000I1Y40S",8,15,18,44,245,5,1,4.52424242424242,330,23,60
"1121","B000I4D64U",169,124,232,466,1454,5,1,4.19100204498977,2445,253,1829
"1122","B000I6MMK2",1,1,5,10,59,5,1,4.64473684210526,76,34,130
"1123","B000IC26XE",4,4,6,34,130,5,1,4.58426966292135,178,24,48
"1124","B000ICRRQU",9,11,7,8,25,5,1,3.48333333333333,60,9,21
"1125","B000IE486K",84,23,23,31,137,5,1,3.38255033557047,298,48,191
"1126","B000IF23PW",23,14,22,22,121,5,1,4.00990099009901,202,28,132
"1127","B000IF3W70",27,7,24,38,136,5,1,4.07327586206897,232,58,175
"1128","B000IF3W84",23,14,22,22,121,5,1,4.00990099009901,202,28,132
"1129","B000IF3W8O",23,14,22,22,121,5,1,4.00990099009901,202,28,132
"1130","B000IF3W8Y",23,14,22,22,121,5,1,4.00990099009901,202,28,132
"1131","B000IF3W98",23,14,22,22,121,5,1,4.00990099009901,202,28,132
"1132","B000IF3W9S",23,14,22,22,121,5,1,4.00990099009901,202,28,132
"1133","B000IF5UP2",27,7,24,38,136,5,1,4.07327586206897,232,58,175
"1134","B000IF7PNM",23,14,22,22,121,5,1,4.00990099009901,202,28,132
"1135","B000IG9FWU",3,3,3,3,29,5,1,4.26829268292683,41,10,23
"1136","B000IGGCUS",6,3,3,4,16,5,1,3.65625,32,14,74
"1137","B000IGGCWG",7,3,15,20,82,5,1,4.31496062992126,127,26,100
"1138","B000IGGFEQ",14,14,18,19,101,5,1,4.07831325301205,166,25,190
"1139","B000IGGH6W",29,12,17,36,139,5,1,4.04721030042918,233,71,268
"1140","B000IJWUM4",22,4,7,24,124,5,1,4.23756906077348,181,65,214
"1141","B000IL69TM",6,4,7,4,30,5,1,3.94117647058824,51,11,29
"1142","B000IL826K",4,4,4,5,27,5,1,4.06818181818182,44,18,142
"1143","B000IOAFU8",30,15,15,28,61,5,1,3.50335570469799,149,62,296
"1144","B000IOBRBY",14,6,4,4,34,5,1,3.61290322580645,62,24,70
"1145","B000IVK3BW",6,4,2,4,35,5,1,4.13725490196078,51,10,18
"1146","B000J38Z7I",16,8,8,16,60,5,1,3.88888888888889,108,44,120
"1147","B000J3FW10",2,4,2,8,72,5,1,4.63636363636364,88,60,174
"1148","B000J3HZXS",18,6,8,22,90,5,1,4.11111111111111,144,44,168
"1149","B000J3I0Q4",30,24,4,18,64,5,1,3.44285714285714,140,62,204
"1150","B000J426K4",36,20,23,65,261,5,1,4.22222222222222,405,125,771
"1151","B000J437E8",11,3,4,5,48,5,1,4.07042253521127,71,47,201
"1152","B000JFCEDM",29,27,49,124,408,5,1,4.34222919937206,637,106,546
"1153","B000JGD34U",58,26,12,32,106,5,1,3.43589743589744,234,90,300
"1154","B000JGLVBC",72,36,63,160,497,5,1,4.17632850241546,828,366,2225
"1155","B000JJ7KS2",31,11,23,49,254,5,1,4.31521739130435,368,110,587
"1156","B000JJIWL6",33,19,26,103,278,5,1,4.25054466230937,459,113,645
"1157","B000JJT9MM",40,21,42,47,142,5,1,3.78767123287671,292,97,683
"1158","B000JJYPYE",9,5,15,37,130,5,1,4.39795918367347,196,71,266
"1159","B000JLK0SM",5,4,22,34,213,5,1,4.60431654676259,278,150,616
"1160","B000JLKQRC",36,24,38,75,218,5,1,4.0613810741688,391,36,146
"1161","B000JMI7DQ",12,8,9,18,96,5,1,4.24475524475525,143,19,55
"1162","B000JU016Y",15,5,12,15,39,5,1,3.67441860465116,86,33,93
"1163","B000K0P34I",7,2,1,2,5,5,1,2.76470588235294,17,10,50
"1164","B000K0QTYQ",2,3,9,22,83,5,1,4.52100840336134,119,17,78
"1165","B000K0R1IO",9,2,8,2,17,5,1,3.42105263157895,38,21,115
"1166","B000K0UGG8",7,4,7,24,109,5,1,4.48344370860927,151,56,248
"1167","B000K11H06",31,19,54,133,1228,5,1,4.71194539249147,1465,281,1991
"1168","B000K2GOFI",2,2,2,5,6,5,1,3.64705882352941,17,5,14
"1169","B000K3J062",15,6,7,5,11,5,1,2.79545454545455,44,24,181
"1170","B000K6DZDI",20,7,16,59,113,5,1,4.10697674418605,215,80,396
"1171","B000K6IDG2",12,8,30,106,288,5,1,4.46396396396396,444,124,740
"1172","B000K7JB1C",1,1,3,5,5,5,1,3.8,15,13,113
"1173","B000KEJSU4",34,21,13,20,42,5,1,3.11538461538462,130,103,902
"1174","B000KFUDGG",7,2,9,25,57,5,1,4.23,100,40,161
"1175","B000KFW4FE",1,1,7,12,31,5,1,4.36538461538461,52,29,163
"1176","B000KGUZHW",5,4,4,16,80,5,1,4.48623853211009,109,45,164
"1177","B000KI111Y",167,124,158,228,808,5,1,3.93333333333333,1485,380,2914
"1178","B000KISUVI",7,3,7,22,114,5,1,4.52287581699346,153,35,259
"1179","B000KJRPOA",15,12,11,7,31,5,1,3.35526315789474,76,44,151
"1180","B000KKLQ4E",39,30,34,100,352,5,1,4.25405405405405,555,132,591
"1181","B000KKLQ58",52,20,19,42,110,5,1,3.5679012345679,243,81,479
"1182","B000KKNJBM",3,1,1,3,6,5,1,3.57142857142857,14,5,7
"1183","B000KKNZAW",3,1,2,7,49,5,1,4.58064516129032,62,17,102
"1184","B000KKNZKC",9,5,3,21,156,5,1,4.5979381443299,194,27,95
"1185","B000KKOBGY",6,1,3,3,13,5,1,3.61538461538462,26,9,29
"1186","B000KKOKIS",8,5,5,29,111,5,1,4.45569620253165,158,22,66
"1187","B000KKXULG",2,4,3,21,84,5,1,4.58771929824561,114,26,81
"1188","B000KL12RE",36,20,23,65,261,5,1,4.22222222222222,405,125,771
"1189","B000KL142W",14,4,11,20,78,5,1,4.13385826771654,127,20,64
"1190","B000KL17BU",5,2,4,5,45,5,1,4.36065573770492,61,25,55
"1191","B000KL1L6Q",12,11,20,38,56,5,1,3.83941605839416,137,36,209
"1192","B000KL1LDE",204,108,112,192,1176,5,1,4.13169642857143,1792,710,4462
"1193","B000KL2WQY",4,10,14,50,107,5,1,4.32972972972973,185,33,128
"1194","B000KL4LVI",28,15,33,88,260,5,1,4.26650943396226,424,98,573
"1195","B000KL58D8",8,5,2,5,13,5,1,3.3030303030303,33,13,64
"1196","B000KL5A72",69,3,4,4,10,5,1,1.7,90,80,181
"1197","B000KL5FP4",4,1,10,9,68,5,1,4.47826086956522,92,47,323
"1198","B000KL6T18",67,49,58,126,850,5,1,4.42869565217391,1150,253,1416
"1199","B000KL6T40",21,20,33,43,180,5,1,4.14814814814815,297,50,231
"1200","B000KL6YXQ",2,1,2,2,20,5,1,4.37037037037037,27,11,32
"1201","B000KL6YYK",52,59,140,248,1023,5,1,4.40013140604468,1522,169,1268
"1202","B000KL73OK",2,5,7,8,45,5,1,4.32835820895522,67,35,148
"1203","B000KWKR7E",1,2,5,7,20,5,1,4.22857142857143,35,15,93
"1204","B000KZNMM8",1,1,1,2,8,5,1,4.15384615384615,13,10,66
"1205","B000L0CPPM",69,51,80,175,321,5,1,3.90229885057471,696,253,1973
"1206","B000L0FDLA",21,6,27,41,111,5,1,4.04368932038835,206,95,360
"1207","B000L0FDPG",39,24,43,53,95,5,1,3.55511811023622,254,83,552
"1208","B000L3ZLNC",2,4,5,10,29,5,1,4.2,50,35,262
"1209","B000L8EEPS",211,95,101,160,521,5,1,3.62959558823529,1088,309,2364
"1210","B000LAND2Q",40,19,34,53,322,5,1,4.27777777777778,468,41,165
"1211","B000LE8KZW",81,36,92,173,486,5,1,4.09101382488479,868,85,719
"1212","B000LF4DY8",6,8,10,13,68,5,1,4.22857142857143,105,50,108
"1213","B000LF64RM",7,4,14,41,169,5,1,4.53617021276596,235,63,341
"1214","B000LNP632",1,5,2,6,49,5,1,4.53968253968254,63,17,71
"1215","B000LNRGG2",33,19,26,103,278,5,1,4.25054466230937,459,113,645
"1216","B000LNRVXK",35,41,67,158,472,5,1,4.28201811125485,773,274,1993
"1217","B000LNSTD6",10,4,6,13,68,5,1,4.23762376237624,101,25,148
"1218","B000LNTCRS",3,1,2,6,11,5,1,3.91304347826087,23,11,62
"1219","B000LNTMB4",2,1,2,7,23,5,1,4.37142857142857,35,12,23
"1220","B000LNTRGO",27,11,11,26,140,5,1,4.12093023255814,215,28,153
"1221","B000LNTY7Q",3,1,15,16,44,5,1,4.22784810126582,79,24,132
"1222","B000LNUTIY",2,2,4,4,14,5,1,4,26,16,164
"1223","B000LNUYNE",4,3,3,4,21,5,1,4,35,9,19
"1224","B000LNV85C",13,2,9,34,324,5,1,4.71204188481675,382,26,68
"1225","B000LNVCXA",11,7,4,8,13,5,1,3.11627906976744,43,23,105
"1226","B000LNX06C",676,204,192,250,1372,5,1,3.53377876763177,2694,738,5318
"1227","B000LNXTH2",19,15,18,34,121,5,1,4.07729468599034,207,61,150
"1228","B000LNYAHU",2,1,2,9,61,5,1,4.68,75,5,6
"1229","B000LO0VOA",7,5,3,9,36,5,1,4.03333333333333,60,18,58
"1230","B000LO4FFG",22,18,28,43,112,5,1,3.91928251121076,223,90,1001
"1231","B000LO4GT6",3,1,2,3,4,5,1,3.30769230769231,13,6,26
"1232","B000LO4LJG",18,9,12,19,91,5,1,4.04697986577181,149,57,235
"1233","B000LP7D9A",1,1,2,3,8,5,1,4.06666666666667,15,9,20
"1234","B000LRGZAQ",1,1,3,6,22,5,1,4.42424242424242,33,21,67
"1235","B000LRKS72",1,1,5,9,80,5,1,4.72916666666667,96,58,206
"1236","B000LS2HEI",8,5,17,48,255,5,1,4.61261261261261,333,41,232
"1237","B000LZ3F38",7,1,1,6,14,5,1,3.6551724137931,29,9,22
"1238","B000LZDAE2",3,5,14,31,133,5,1,4.53763440860215,186,23,107
"1239","B000M2YUDO",10,3,2,14,37,5,1,3.98484848484848,66,18,133
"1240","B000M5NNX4",1,2,4,4,7,5,1,3.77777777777778,18,11,48
"1241","B000M69A7Q",21,9,27,27,32,5,1,3.3448275862069,116,55,189
"1242","B000MBUOOO",79,28,43,64,161,5,1,3.53333333333333,375,193,1464
"1243","B000MCS2OM",8,2,6,6,23,5,1,3.75555555555556,45,25,173
"1244","B000MD5816",13,5,16,36,148,5,1,4.38073394495413,218,38,297
"1245","B000MEBTNG",4,3,3,5,10,5,1,3.56,25,13,59
"1246","B000MISFBG",74,10,38,64,352,5,1,4.13382899628253,538,50,164
"1247","B000MISU5W",2,8,4,58,348,5,1,4.76666666666667,420,36,118
"1248","B000MIT26S",14,10,5,24,125,5,1,4.32584269662921,178,51,199
"1249","B000MITWM2",16,8,12,40,102,5,1,4.14606741573034,178,106,690
"1250","B000MLDC0W",4,2,8,4,11,5,1,3.55172413793103,29,9,10
"1251","B000MOHJRG",16,17,30,39,77,5,1,3.80446927374302,179,31,97
"1252","B000MOHJVM",19,12,19,20,78,5,1,3.85135135135135,148,47,250
"1253","B000MOIWWM",171,79,113,258,983,5,1,4.12406483790524,1604,138,720
"1254","B000MOIWWW",81,48,76,140,371,5,1,3.93854748603352,716,97,872
"1255","B000MOL29W",11,9,9,19,62,5,1,4.01818181818182,110,27,107
"1256","B000MOM7KK",45,36,40,119,351,5,1,4.17597292724196,591,33,90
